Index,T√≠tulo do PR,URL,Data de Cria√ß√£o,Data de Fechamento,Total de Revis√µes,Decis√£o da Revis√£o,Total de Adi√ß√µes,Total de Remo√ß√µes,Total de Arquivos Alterados,Comprimento da Descri√ß√£o,Tempo de An√°lise (horas),Total de Coment√°rios,Total de Participantes
1,Fixed typo,https://github.com/jwasham/coding-interview-university/pull/3,2016-10-06T10:08:17Z,2016-10-06T16:40:31Z,1,MERGED,1,1,1,0,6.537222222222222,0,3
2,License.md Added,https://github.com/jwasham/coding-interview-university/pull/6,2016-10-06T15:49:06Z,2016-10-06T21:20:55Z,1,MERGED,21,0,1,0,5.530277777777778,1,3
3,Adding more descriptive links.,https://github.com/jwasham/coding-interview-university/pull/9,2016-10-06T19:24:59Z,2016-10-06T21:25:38Z,1,MERGED,87,102,1,116,2.0108333333333333,5,3
4,Pull request with fixed mis-formatted & Go resources,https://github.com/jwasham/coding-interview-university/pull/23,2016-10-09T01:36:16Z,2016-10-09T03:32:02Z,1,MERGED,10,1,2,39,1.9294444444444445,1,3
5,Add a tutorial on Udemy.,https://github.com/jwasham/coding-interview-university/pull/38,2016-10-15T16:08:41Z,2016-10-16T02:17:14Z,2,MERGED,3,0,1,153,10.1425,2,2
1,readme: Add my tutorial on shell,https://github.com/codecrafters-io/build-your-own-x/pull/10,2018-05-11T10:08:57Z,2018-05-12T07:55:36Z,3,MERGED,1,0,1,193,21.7775,1,2
2,Add: Generate SVG images in C,https://github.com/codecrafters-io/build-your-own-x/pull/16,2018-05-12T08:21:04Z,2018-05-13T10:53:26Z,1,MERGED,1,0,1,0,26.539444444444445,1,2
3,"Add ""Build your own Window Manager""",https://github.com/codecrafters-io/build-your-own-x/pull/35,2018-05-13T14:44:31Z,2018-05-14T06:51:54Z,1,MERGED,1,0,1,0,16.123055555555556,1,2
4,added 'Build your own CI server' title & one item,https://github.com/codecrafters-io/build-your-own-x/pull/59,2018-05-14T14:37:35Z,2018-05-15T13:35:32Z,3,MERGED,1,0,1,74,22.965833333333332,1,2
5,Update README.md,https://github.com/codecrafters-io/build-your-own-x/pull/63,2018-05-14T17:30:12Z,2018-05-14T18:55:00Z,2,MERGED,2,1,1,19,1.4133333333333333,1,2
6,Added a New Category : Text Editor,https://github.com/codecrafters-io/build-your-own-x/pull/137,2018-05-24T05:49:20Z,2018-05-24T09:21:06Z,1,MERGED,9,1,1,108,3.5294444444444446,1,3
1,Fix some issues,https://github.com/kamranahmedse/developer-roadmap/pull/25,2017-03-19T13:32:51Z,2017-03-23T05:14:20Z,1,MERGED,2,2,2,141,87.6913888888889,2,4
1,Fix typo in Study Guide section,https://github.com/donnemartin/system-design-primer/pull/10,2017-03-09T10:50:34Z,2017-03-10T00:36:12Z,1,MERGED,2,2,1,78,13.760555555555555,1,2
2,Fix typo - lobsided -> lopsided,https://github.com/donnemartin/system-design-primer/pull/11,2017-03-09T14:21:29Z,2017-03-10T00:37:40Z,1,MERGED,1,1,1,0,10.269722222222223,1,2
3,Add Dyn DDoS attack link,https://github.com/donnemartin/system-design-primer/pull/13,2017-03-10T04:30:56Z,2017-03-11T02:07:51Z,1,MERGED,1,1,1,4,21.615277777777777,1,2
4,Fix multiple typos,https://github.com/donnemartin/system-design-primer/pull/14,2017-03-10T07:53:56Z,2017-03-11T02:06:35Z,1,MERGED,8,8,1,0,18.210833333333333,1,3
5,Fix #6: Migrate links from exercises/solutions to use internal links,https://github.com/donnemartin/system-design-primer/pull/23,2017-03-16T22:49:05Z,2017-03-19T19:23:03Z,1,MERGED,35,35,8,225,68.56611111111111,2,2
6,"Delete duplicate word ""does"" in design exercises",https://github.com/donnemartin/system-design-primer/pull/24,2017-03-18T04:17:42Z,2017-03-18T15:37:17Z,1,MERGED,3,3,3,0,11.32638888888889,1,2
7,Fix typo JSS -> JS,https://github.com/donnemartin/system-design-primer/pull/25,2017-03-18T16:45:40Z,2017-03-19T19:24:13Z,1,MERGED,1,1,1,35,26.6425,1,2
8,Declare variable key in the get_user example,https://github.com/donnemartin/system-design-primer/pull/26,2017-03-19T22:54:10Z,2017-03-21T11:39:11Z,1,MERGED,1,0,1,221,36.750277777777775,1,2
9,Fix typo,https://github.com/donnemartin/system-design-primer/pull/29,2017-03-22T16:44:21Z,2017-03-23T02:53:16Z,2,MERGED,1,1,1,0,10.14861111111111,1,3
10,Fix typos,https://github.com/donnemartin/system-design-primer/pull/33,2017-03-23T22:30:10Z,2017-03-24T02:42:03Z,1,MERGED,2,2,1,0,4.198055555555555,1,2
11,change the service discovery documenation example to use consul/etcd,https://github.com/donnemartin/system-design-primer/pull/34,2017-03-24T11:32:50Z,2017-03-26T17:02:10Z,2,MERGED,4,1,1,84,53.48888888888889,4,3
12,Explain difference between PUT & PATCH,https://github.com/donnemartin/system-design-primer/pull/35,2017-03-25T22:50:04Z,2017-03-29T10:19:15Z,1,MERGED,2,0,1,246,83.48638888888888,2,2
13,"Update service discovery section to include consul, etcd, and additional details",https://github.com/donnemartin/system-design-primer/pull/36,2017-03-26T16:58:09Z,2017-03-28T11:45:13Z,3,MERGED,1,1,1,0,42.784444444444446,1,5
14,Change AP wording for clarity,https://github.com/donnemartin/system-design-primer/pull/50,2017-04-04T08:27:14Z,2017-04-04T09:56:39Z,1,MERGED,1,1,1,291,1.4902777777777778,1,2
15,zh-cn: Add Simplified Chinese translation v1.0,https://github.com/donnemartin/system-design-primer/pull/62,2017-04-15T07:44:20Z,2017-04-15T13:32:32Z,1,MERGED,1797,0,1,122,5.803333333333334,4,2
16,zh-cn: Rename README-zh-Hant.md to README-zh-Hans.md,https://github.com/donnemartin/system-design-primer/pull/64,2017-04-16T03:17:12Z,2017-04-16T21:49:16Z,1,MERGED,0,0,1,90,18.534444444444443,2,2
17,Fix asynchronism link in mint README,https://github.com/donnemartin/system-design-primer/pull/69,2017-04-22T00:06:53Z,2017-05-16T04:10:52Z,2,MERGED,1,1,1,0,580.0663888888889,1,3
18,Fix lowercase typo in Layer 7 load balancing title,https://github.com/donnemartin/system-design-primer/pull/74,2017-05-02T19:28:31Z,2017-05-16T04:17:24Z,1,MERGED,1,1,1,54,320.8147222222222,1,2
19,Fix typo,https://github.com/donnemartin/system-design-primer/pull/75,2017-05-09T13:31:23Z,2017-05-27T00:32:45Z,1,MERGED,1,1,1,0,419.0227777777778,1,2
20,Add license disclaimer,https://github.com/donnemartin/system-design-primer/pull/78,2017-05-18T08:42:10Z,2017-05-27T00:34:53Z,1,MERGED,10,0,2,140,207.8786111111111,0,2
21,Fix #79: Inaccuracy in Twitter timeline and search example,https://github.com/donnemartin/system-design-primer/pull/81,2017-05-25T01:47:16Z,2017-05-27T00:31:32Z,1,MERGED,1,1,1,0,46.73777777777778,1,2
1,"Add the legal provisions, üòÄ",https://github.com/996icu/996.ICU/pull/110,2019-03-27T06:21:02Z,2019-03-27T08:04:40Z,1,MERGED,13,4,1,0,1.7272222222222222,2,4
2,en_US,https://github.com/996icu/996.ICU/pull/242,2019-03-27T07:07:12Z,2019-03-28T02:53:55Z,2,MERGED,16,0,1,19,19.77861111111111,2,4
3,Ê∑ªÂä†‰∫ÜÂõΩÈôÖ‰∫î‰∏ÄÂä≥Âä®ËäÇÁöÑÂéÜÂè≤Ê∏äÊ∫êÔºå‰ª•ÂèäÂõΩÈôÖÊ≠åÊ≠åËØç,https://github.com/996icu/996.ICU/pull/324,2019-03-27T07:35:37Z,2019-03-27T15:47:19Z,1,MERGED,78,0,1,23,8.195,4,6
4,Create Âä†Áè≠ÂÖ¨Âè∏ÂêçÂçï,https://github.com/996icu/996.ICU/pull/605,2019-03-27T09:08:15Z,2019-03-28T02:53:22Z,1,MERGED,1,0,1,0,17.751944444444444,6,8
5,blacklist and template,https://github.com/996icu/996.ICU/pull/693,2019-03-27T09:34:09Z,2019-03-28T02:35:14Z,2,MERGED,15,0,1,43,17.018055555555556,0,3
6,ÂΩìÂâçÂ∑≤Áü•ÁöÑÂÖ¨Âè∏ÂêçÂçï,https://github.com/996icu/996.ICU/pull/857,2019-03-27T10:12:11Z,2019-03-28T02:35:36Z,2,MERGED,4,0,1,0,16.39027777777778,7,11
7,fix grammar error,https://github.com/996icu/996.ICU/pull/877,2019-03-27T10:18:17Z,2019-03-27T12:30:13Z,1,MERGED,1,1,1,17,2.198888888888889,0,3
8,fix grammer issue in English version,https://github.com/996icu/996.ICU/pull/932,2019-03-27T10:43:35Z,2019-03-27T14:23:02Z,1,MERGED,1,1,1,17,3.6575,0,2
9,translate ‚ÄúÂ∑•‰Ωú 996ÔºåÁîüÁóÖ ICU‚Äù to english version.,https://github.com/996icu/996.ICU/pull/992,2019-03-27T11:06:59Z,2019-03-28T02:43:08Z,7,MERGED,3,0,1,91,15.6025,27,31
10,ÊõùÂÖâ996ÂÖ¨Âè∏ÂèäÈÉ®Èó®ÔºåÊ¨¢ËøéÊõùÂÖâÂíåÊäïÁ•®,https://github.com/996icu/996.ICU/pull/1644,2019-03-27T15:14:41Z,2019-03-28T08:05:51Z,1,MERGED,5,0,1,367,16.852777777777778,114,106
11,fix english translation,https://github.com/996icu/996.ICU/pull/1739,2019-03-27T18:29:15Z,2019-03-28T00:45:44Z,2,MERGED,8,7,1,23,6.2747222222222225,1,3
1,Build A Support Ticket Application With AdonisJs,https://github.com/practical-tutorials/project-based-learning/pull/36,2017-07-11T03:56:03Z,2017-07-11T14:07:37Z,1,MERGED,4,0,1,0,10.192777777777778,0,2
2,Added Thinkster.io to Additional Resources,https://github.com/practical-tutorials/project-based-learning/pull/37,2017-07-12T23:53:49Z,2017-07-13T03:41:54Z,1,MERGED,1,0,1,0,3.801388888888889,0,2
3,Added Goodheads.io to Additional Resources,https://github.com/practical-tutorials/project-based-learning/pull/38,2017-07-13T09:37:03Z,2017-07-14T00:41:40Z,1,MERGED,1,0,1,0,15.076944444444445,0,2
4,"Javascript: ""How to write your own Virtual DOM""",https://github.com/practical-tutorials/project-based-learning/pull/56,2018-04-17T04:09:04Z,2018-04-17T15:36:03Z,1,MERGED,1,0,1,0,11.449722222222222,0,1
1,Add N queens problem bitwise solution,https://github.com/trekhleb/javascript-algorithms/pull/15,2018-05-24T11:13:23Z,2018-08-20T12:57:02Z,1,MERGED,68,0,3,0,2113.7275,5,5
2,Radix sort,https://github.com/trekhleb/javascript-algorithms/pull/28,2018-05-28T18:29:39Z,2018-05-29T05:38:20Z,1,MERGED,150,0,5,123,11.144722222222223,2,3
3,Fix typos,https://github.com/trekhleb/javascript-algorithms/pull/59,2018-06-09T08:25:57Z,2018-06-12T14:46:40Z,2,MERGED,19,19,8,26,78.34527777777778,1,4
4,added Bidirectional Conditional Insertion Sort,https://github.com/trekhleb/javascript-algorithms/pull/67,2018-06-13T20:22:41Z,2018-06-14T15:45:28Z,2,MERGED,1605,1386,5,1121,19.379722222222224,2,2
1,Give docs page some ellipsis and apostrophe love,https://github.com/twbs/bootstrap/pull/12,2011-08-20T01:18:57Z,2011-08-20T02:20:11Z,3,MERGED,29,29,1,122,1.0205555555555557,1,4
1,Chaos/model args,https://github.com/Significant-Gravitas/AutoGPT/pull/19,2023-04-02T00:52:56Z,2023-04-02T10:34:35Z,4,MERGED,175,118,13,62,9.694166666666666,5,2
2,fix typo in browse.py,https://github.com/Significant-Gravitas/AutoGPT/pull/32,2023-04-02T15:34:16Z,2023-04-02T22:52:40Z,1,MERGED,2,2,1,19,7.306666666666667,0,2
3,Add documentation,https://github.com/Significant-Gravitas/AutoGPT/pull/33,2023-04-02T17:06:08Z,2023-04-10T11:07:42Z,7,MERGED,84,15,16,250,186.0261111111111,13,7
4,implements #13,https://github.com/Significant-Gravitas/AutoGPT/pull/36,2023-04-02T18:20:26Z,2023-04-04T23:20:05Z,2,MERGED,0,0,0,0,52.994166666666665,6,6
5,Remove `keys.py` and replace with `python-dotenv`,https://github.com/Significant-Gravitas/AutoGPT/pull/39,2023-04-02T19:05:24Z,2023-04-02T22:41:08Z,1,MERGED,40,27,9,493,3.5955555555555554,4,3
6,Fix mistake in docs,https://github.com/Significant-Gravitas/AutoGPT/pull/41,2023-04-02T19:15:53Z,2023-04-02T22:25:01Z,1,MERGED,3,2,1,130,3.152222222222222,2,3
7,Add Dockerfile and update requirements.txt.,https://github.com/Significant-Gravitas/AutoGPT/pull/44,2023-04-02T20:54:57Z,2023-04-02T22:21:25Z,1,MERGED,16,8,2,441,1.441111111111111,1,3
8,Makes it possible to use gpt-3.5,https://github.com/Significant-Gravitas/AutoGPT/pull/45,2023-04-02T21:42:14Z,2023-04-03T10:43:38Z,13,MERGED,658,168,21,563,13.023333333333333,45,12
9,devops cleanups,https://github.com/Significant-Gravitas/AutoGPT/pull/49,2023-04-02T23:08:23Z,2023-04-14T21:27:03Z,1,MERGED,540,16,6,309,286.31111111111113,1,3
10,don't depend on the path script is run from,https://github.com/Significant-Gravitas/AutoGPT/pull/50,2023-04-02T23:09:10Z,2023-04-04T09:04:29Z,6,MERGED,2,2,1,276,33.92194444444444,0,4
11,Minor tweak to make ELEVEN_LABS_API_KEY optional,https://github.com/Significant-Gravitas/AutoGPT/pull/59,2023-04-03T05:56:28Z,2023-04-09T13:48:03Z,1,MERGED,5,0,1,131,151.85972222222222,3,4
12,Fix JSON string escaping issue,https://github.com/Significant-Gravitas/AutoGPT/pull/72,2023-04-03T13:58:45Z,2023-04-15T21:01:39Z,6,MERGED,1,1,1,96,295.04833333333335,3,7
13,Fix: create file dir if it doesnt exist during write_to_file,https://github.com/Significant-Gravitas/AutoGPT/pull/81,2023-04-03T15:48:57Z,2023-04-03T23:27:37Z,1,MERGED,3,0,1,30,7.644444444444445,0,3
14,"Use Python 3 Pathlib standards, increased error handling",https://github.com/Significant-Gravitas/AutoGPT/pull/85,2023-04-03T16:31:34Z,2023-07-07T05:18:09Z,5,MERGED,35,37,4,716,2268.776388888889,3,5
15,Work around install errors,https://github.com/Significant-Gravitas/AutoGPT/pull/86,2023-04-03T16:34:12Z,2023-04-04T10:44:54Z,1,MERGED,4,2,1,149,18.178333333333335,2,3
16,Improve extract_hyperlinks to honor base url,https://github.com/Significant-Gravitas/AutoGPT/pull/87,2023-04-03T16:52:42Z,2023-04-15T21:21:59Z,3,MERGED,34,6,2,0,292.48805555555555,3,5
17,Fix Issue with command hallucination üí≠,https://github.com/Significant-Gravitas/AutoGPT/pull/94,2023-04-03T18:46:04Z,2023-04-04T09:05:36Z,1,MERGED,1,0,1,107,14.325555555555555,0,2
18,Use playwright instead of requests for browse,https://github.com/Significant-Gravitas/AutoGPT/pull/96,2023-04-03T19:12:41Z,2023-04-15T22:31:45Z,2,MERGED,115,58,4,393,291.3177777777778,2,3
19,Fix googlesearch dependency issue,https://github.com/Significant-Gravitas/AutoGPT/pull/98,2023-04-03T19:13:08Z,2023-04-04T10:20:28Z,4,MERGED,3,18,3,323,15.122222222222222,1,5
20,Fix .gitignore to include the correct path to auto_gpt_workspace,https://github.com/Significant-Gravitas/AutoGPT/pull/100,2023-04-03T19:21:00Z,2023-04-06T06:42:19Z,1,MERGED,1,1,1,0,59.35527777777778,1,2
21,fix: UnboundLocalError: local variable 'assistant_thoughts_reasoning' referenced before assignment,https://github.com/Significant-Gravitas/AutoGPT/pull/102,2023-04-03T20:02:08Z,2023-04-03T23:38:35Z,5,MERGED,30,45,1,395,3.6075,1,3
22,Fix delete memory error,https://github.com/Significant-Gravitas/AutoGPT/pull/105,2023-04-03T21:03:53Z,2023-04-15T21:29:04Z,3,MERGED,3,3,2,179,288.4197222222222,3,5
23,Integrates Arxiv search and summarisation as available action.,https://github.com/Significant-Gravitas/AutoGPT/pull/107,2023-04-03T21:10:42Z,2023-04-05T12:38:51Z,2,MERGED,256,35,18,182,39.469166666666666,3,4
24,Add 'r' command to retry last action,https://github.com/Significant-Gravitas/AutoGPT/pull/108,2023-04-03T21:23:22Z,2023-04-22T22:40:16Z,3,MERGED,2,0,1,127,457.2816666666667,8,5
25,Added support for Google Custom Search API,https://github.com/Significant-Gravitas/AutoGPT/pull/111,2023-04-03T21:33:37Z,2023-04-03T23:24:52Z,4,MERGED,101,12,5,1180,1.8541666666666667,8,8
26,fix: OpenAPI key variable name typo,https://github.com/Significant-Gravitas/AutoGPT/pull/112,2023-04-03T21:36:05Z,2023-04-04T01:26:10Z,3,MERGED,1,1,1,0,3.834722222222222,0,4
27,Introduce check to OPENAI_API_KEY,https://github.com/Significant-Gravitas/AutoGPT/pull/115,2023-04-03T22:16:41Z,2023-04-10T12:12:26Z,2,MERGED,11,1,1,62,157.92916666666667,0,3
28,Prompt engineering adjustments,https://github.com/Significant-Gravitas/AutoGPT/pull/116,2023-04-03T22:34:09Z,2023-04-20T18:08:42Z,2,MERGED,4,3,1,623,403.5758333333333,4,5
29,Added and an input for User Advice on each iteration of the loop,https://github.com/Significant-Gravitas/AutoGPT/pull/120,2023-04-03T23:21:48Z,2023-04-11T18:17:57Z,3,MERGED,20,2,1,375,186.93583333333333,7,4
30,Use selenium for web browsing,https://github.com/Significant-Gravitas/AutoGPT/pull/121,2023-04-03T23:25:15Z,2023-04-15T21:14:29Z,2,MERGED,95,148,4,362,285.82055555555553,8,8
31,Pinecone Vectorized Memory,https://github.com/Significant-Gravitas/AutoGPT/pull/122,2023-04-04T00:31:46Z,2023-04-06T10:31:58Z,14,MERGED,153,29,9,385,58.00333333333333,24,17
32,First draft at adding persistent memory via sqlite3,https://github.com/Significant-Gravitas/AutoGPT/pull/124,2023-04-04T00:46:11Z,2023-04-15T21:42:15Z,4,MERGED,138,11,4,324,284.93444444444447,22,12
1,Update PEP 8È£éÊ†ºÊåáÂçó.md,https://github.com/jackfrued/Python-100-Days/pull/6,2018-06-04T11:46:43Z,2018-06-25T14:35:05Z,1,MERGED,1,1,1,0,506.80611111111114,3,3
2,‰øÆÊ≠£IndentationError,https://github.com/jackfrued/Python-100-Days/pull/32,2019-04-24T11:11:20Z,2019-05-03T13:22:00Z,1,MERGED,3,3,1,0,218.17777777777778,2,4
1,Update README.md,https://github.com/Snailclimb/JavaGuide/pull/74,2018-12-07T08:50:19Z,2018-12-07T12:31:27Z,1,MERGED,1,1,1,4,3.6855555555555557,1,2
1,Typo fix in README.md,https://github.com/trimstray/the-book-of-secret-knowledge/pull/1,2018-07-13T23:43:59Z,2018-08-04T10:37:18Z,1,MERGED,1,1,1,33,514.8886111111111,1,3
2,Update README.md,https://github.com/trimstray/the-book-of-secret-knowledge/pull/3,2018-11-06T17:56:43Z,2018-11-06T21:49:08Z,3,MERGED,2,0,1,73,3.873611111111111,3,5
3,Add new tools,https://github.com/trimstray/the-book-of-secret-knowledge/pull/4,2018-11-07T16:19:39Z,2018-11-08T07:23:14Z,7,MERGED,3,0,1,50,15.059722222222222,1,2
4,Add dkimvalidator.com under mail section (and other important tools).,https://github.com/trimstray/the-book-of-secret-knowledge/pull/32,2018-12-22T08:14:29Z,2018-12-23T10:14:21Z,1,MERGED,6,0,1,0,25.997777777777777,1,3
5,Added PbScan in network section,https://github.com/trimstray/the-book-of-secret-knowledge/pull/38,2018-12-26T22:58:06Z,2018-12-27T08:39:14Z,1,MERGED,1,0,1,0,9.685555555555556,2,3
6,Adding Etherate to 'Networking',https://github.com/trimstray/the-book-of-secret-knowledge/pull/43,2018-12-28T09:40:28Z,2019-01-04T10:57:51Z,1,MERGED,1,0,1,0,169.28972222222222,0,3
7,Add CLI creators to CLI section,https://github.com/trimstray/the-book-of-secret-knowledge/pull/61,2019-01-14T17:16:48Z,2019-02-13T08:49:37Z,1,MERGED,1,0,1,0,711.5469444444444,2,3
1,Arrays example is very confusing,https://github.com/airbnb/javascript/pull/33,2012-11-19T15:51:10Z,2012-11-22T22:12:06Z,1,MERGED,33,5,1,39,78.3488888888889,1,3
1,Fix ineffective no_decay bug when using BERTAdam,https://github.com/huggingface/transformers/pull/32,2018-11-18T08:21:37Z,2018-11-20T09:11:47Z,1,MERGED,2,2,1,126,48.83611111111111,3,4
2,run_classifier.py improvements,https://github.com/huggingface/transformers/pull/91,2018-12-05T17:22:31Z,2018-12-11T10:12:05Z,3,MERGED,24,30,1,417,136.82611111111112,1,2
3,BertForMultipleChoice and Swag dataset example.,https://github.com/huggingface/transformers/pull/96,2018-12-06T18:34:05Z,2018-12-13T11:05:12Z,1,MERGED,658,7,4,969,160.5186111111111,14,7
4,Add example for fine tuning BERT language model,https://github.com/huggingface/transformers/pull/124,2018-12-18T09:48:12Z,2019-01-07T11:03:51Z,7,MERGED,678,4,2,909,481.2608333333333,12,5
5,Correct the  wrong note,https://github.com/huggingface/transformers/pull/145,2018-12-22T12:31:58Z,2019-01-07T11:23:06Z,1,MERGED,1,1,1,31,382.8522222222222,1,3
1,Open tab when running next dev,https://github.com/vercel/next.js/pull/8,2016-10-15T17:04:39Z,2016-10-17T01:49:33Z,10,MERGED,12,1,1,0,32.748333333333335,2,3
2,Added async props test,https://github.com/vercel/next.js/pull/9,2016-10-15T17:49:48Z,2016-10-16T04:32:58Z,1,MERGED,24,1,2,0,10.719444444444445,0,2
3,Reverting default props for errors.,https://github.com/vercel/next.js/pull/12,2016-10-16T04:56:23Z,2016-10-16T22:44:26Z,1,MERGED,15,16,3,0,17.800833333333333,0,2
4,Added warning when pages dir is not present,https://github.com/vercel/next.js/pull/14,2016-10-16T05:50:18Z,2016-10-17T01:04:35Z,1,MERGED,11,2,1,136,19.238055555555555,0,2
5,Added next init command for starting a new project,https://github.com/vercel/next.js/pull/15,2016-10-16T06:34:49Z,2016-10-16T23:55:30Z,1,MERGED,57,0,2,123,17.344722222222224,0,2
6,Load client js from cdn with fallback,https://github.com/vercel/next.js/pull/34,2016-10-17T08:36:50Z,2016-10-25T05:50:33Z,2,MERGED,27,1,1,48,189.22861111111112,1,2
7,Added glamor css,https://github.com/vercel/next.js/pull/38,2016-10-20T02:12:40Z,2016-10-21T16:39:20Z,2,MERGED,87,109,16,25,38.44444444444444,0,2
8,Exposing glamor style as default,https://github.com/vercel/next.js/pull/39,2016-10-22T07:46:33Z,2016-10-25T06:57:44Z,2,MERGED,20,1,1,51,71.18638888888889,0,3
9,Use detect-port to check if 3000 is already used.,https://github.com/vercel/next.js/pull/68,2016-10-25T20:37:42Z,2016-12-17T03:37:00Z,4,MERGED,55,7,6,284,1254.9883333333332,15,9
10,Add license MIT,https://github.com/vercel/next.js/pull/93,2016-10-26T16:27:15Z,2016-10-29T10:56:46Z,11,MERGED,21,0,1,0,66.49194444444444,1,5
11,Fix issue #85,https://github.com/vercel/next.js/pull/97,2016-10-26T18:10:16Z,2016-10-26T23:49:05Z,1,MERGED,3,0,1,467,5.646944444444444,1,3
12,README: improve getting started & contributing,https://github.com/vercel/next.js/pull/101,2016-10-26T19:48:39Z,2017-01-05T17:30:31Z,3,MERGED,56,38,1,183,1701.6977777777777,9,5
1,English ÁøªËØëÊï∞ÊçÆÁªìÊûÑÁ≥ªÂàó/ÂçïË∞ÉÈòüÂàó.md,https://github.com/labuladong/fucking-algorithm/pull/61,2020-02-29T09:27:49Z,2020-03-01T12:32:47Z,2,MERGED,183,185,3,24,27.08277777777778,4,2
2,ÁøªËØë‰∫ÜÊï∞ÊçÆÁªìÊûÑÁ≥ªÂàóÔºå‰∫åÂèâÂ†ÜÂÆûÁé∞‰ºòÂÖàÈòüÂàó,https://github.com/labuladong/fucking-algorithm/pull/78,2020-03-01T02:33:00Z,2020-03-01T05:09:21Z,3,MERGED,213,216,2,117,2.6058333333333334,1,2
3,The Longest Palindromic Substring.md English,https://github.com/labuladong/fucking-algorithm/pull/87,2020-03-01T05:13:32Z,2020-03-01T11:10:42Z,1,MERGED,119,104,4,84,5.9527777777777775,4,2
4,translate the article UnionFind ÁÆóÊ≥ïÂ∫îÁî®,https://github.com/labuladong/fucking-algorithm/pull/89,2020-03-01T07:02:12Z,2020-03-01T11:41:33Z,1,MERGED,220,225,6,121,4.655833333333334,3,2
5,translate Êï∞ÊçÆÁªìÊûÑÁ≥ªÂàó/ÂçïË∞ÉÊ†à,https://github.com/labuladong/fucking-algorithm/pull/90,2020-03-01T07:19:22Z,2020-03-01T12:43:16Z,1,MERGED,122,119,2,13,5.398333333333333,0,2
6,translate È´òÈ¢ëÈù¢ËØïÁ≥ªÂàó/Â∫ß‰ΩçË∞ÉÂ∫¶.md ,https://github.com/labuladong/fucking-algorithm/pull/97,2020-03-01T10:09:54Z,2020-03-02T11:17:15Z,1,MERGED,223,0,10,30,25.1225,2,2
7,translate Âä®ÊÄÅËßÑÂàíÁ≥ªÂàó/ÁºñËæëË∑ùÁ¶ª.md,https://github.com/labuladong/fucking-algorithm/pull/98,2020-03-01T11:36:46Z,2020-03-01T13:10:20Z,1,MERGED,271,263,9,21,1.5594444444444444,2,2
8,ÁÆóÊ≥ïÂ≠¶‰π†‰πãË∑ØÂÖ®ÊñáÁøªËØë,https://github.com/labuladong/fucking-algorithm/pull/107,2020-03-01T23:12:24Z,2020-03-02T04:06:59Z,1,MERGED,94,81,2,37,4.909722222222222,5,2
9,translate ÁÆóÊ≥ïÊÄùË∑ØÁ≥ªÂàó/ÂèåÊåáÈíàÊäÄÂ∑ß,https://github.com/labuladong/fucking-algorithm/pull/115,2020-03-02T05:38:31Z,2020-03-02T11:39:51Z,1,MERGED,199,199,2,22,6.022222222222222,0,2
1,Added capitalize first letter of every word,https://github.com/Chalarangelo/30-seconds-of-code/pull/1,2017-12-11T19:26:34Z,2017-12-12T13:37:53Z,2,MERGED,9,0,1,0,18.18861111111111,1,2
2,simple ES6 unique array  values,https://github.com/Chalarangelo/30-seconds-of-code/pull/5,2017-12-11T20:20:36Z,2017-12-12T00:29:50Z,1,MERGED,2,8,1,0,4.153888888888889,1,3
3,Update unique-values-of-array.md,https://github.com/Chalarangelo/30-seconds-of-code/pull/7,2017-12-12T00:47:57Z,2017-12-12T08:56:25Z,1,MERGED,14,8,1,0,8.141111111111112,2,2
4,Replace the usage of √¨ndexOf` for `includes`,https://github.com/Chalarangelo/30-seconds-of-code/pull/8,2017-12-12T01:34:13Z,2017-12-12T09:08:33Z,1,MERGED,5,4,1,0,7.572222222222222,0,2
5,Update RGB to hexadecimal to new bitwise version,https://github.com/Chalarangelo/30-seconds-of-code/pull/9,2017-12-12T01:55:09Z,2017-12-12T18:52:34Z,2,MERGED,16,4,1,96,16.956944444444446,7,4
6,Capitalize first letter: safe against empty string,https://github.com/Chalarangelo/30-seconds-of-code/pull/10,2017-12-12T02:29:46Z,2017-12-12T09:16:01Z,1,MERGED,1,1,1,48,6.770833333333333,0,2
7,Fixes a typo,https://github.com/Chalarangelo/30-seconds-of-code/pull/11,2017-12-12T06:44:04Z,2017-12-12T09:13:49Z,1,MERGED,1,1,1,0,2.495833333333333,0,2
8,Add reverseString,https://github.com/Chalarangelo/30-seconds-of-code/pull/12,2017-12-12T06:59:48Z,2017-12-12T09:25:35Z,1,MERGED,9,1,1,0,2.4297222222222223,2,2
9,Directly return object from arrow function,https://github.com/Chalarangelo/30-seconds-of-code/pull/13,2017-12-12T07:11:37Z,2017-12-12T14:07:36Z,6,MERGED,4,6,2,82,6.933055555555556,2,3
10,Create Check_for_palindrome.md,https://github.com/Chalarangelo/30-seconds-of-code/pull/25,2017-12-12T10:39:03Z,2017-12-12T14:23:01Z,3,MERGED,8,0,1,0,3.7327777777777778,4,2
11,Anagrams recursion refactor (code legibility),https://github.com/Chalarangelo/30-seconds-of-code/pull/31,2017-12-12T12:40:16Z,2017-12-12T16:23:00Z,1,MERGED,11,7,1,110,3.712222222222222,2,2
12,Added async function chain,https://github.com/Chalarangelo/30-seconds-of-code/pull/37,2017-12-12T16:30:27Z,2017-12-13T10:12:43Z,4,MERGED,14,0,1,208,17.704444444444444,1,2
13,Add chunk array,https://github.com/Chalarangelo/30-seconds-of-code/pull/38,2017-12-12T16:37:36Z,2017-12-13T10:04:56Z,2,MERGED,13,0,1,148,17.455555555555556,1,2
14,get minimum value from an array,https://github.com/Chalarangelo/30-seconds-of-code/pull/42,2017-12-12T17:53:37Z,2017-12-12T18:56:31Z,2,MERGED,8,0,1,72,1.0483333333333333,2,3
15,Refactor measure-time-taken-by-function from spread syntax to callback function,https://github.com/Chalarangelo/30-seconds-of-code/pull/44,2017-12-12T18:25:00Z,2017-12-13T11:54:38Z,1,MERGED,3,3,1,397,17.49388888888889,2,3
16,Added getType function,https://github.com/Chalarangelo/30-seconds-of-code/pull/45,2017-12-12T19:35:31Z,2017-12-13T09:31:51Z,1,MERGED,9,0,1,70,13.938888888888888,5,4
17,Collatz algorithm,https://github.com/Chalarangelo/30-seconds-of-code/pull/46,2017-12-12T19:37:56Z,2017-12-14T12:52:35Z,1,MERGED,11,0,1,133,41.244166666666665,9,6
18,"Make ""Anagrams of string"" fully functional",https://github.com/Chalarangelo/30-seconds-of-code/pull/47,2017-12-12T20:32:03Z,2017-12-13T10:37:50Z,1,MERGED,3,6,2,214,14.096388888888889,1,2
19,refactor curry to account for variadic functions,https://github.com/Chalarangelo/30-seconds-of-code/pull/51,2017-12-12T22:26:27Z,2017-12-13T11:33:50Z,2,MERGED,11,3,1,264,13.123055555555556,4,2
20,Create median-of-array-of-numbers.md,https://github.com/Chalarangelo/30-seconds-of-code/pull/53,2017-12-12T23:04:02Z,2017-12-13T09:46:56Z,1,MERGED,17,0,1,0,10.715,6,2
21,Add bottomVisible,https://github.com/Chalarangelo/30-seconds-of-code/pull/54,2017-12-13T05:48:51Z,2017-12-13T12:14:47Z,1,MERGED,27,0,2,81,6.432222222222222,0,2
22,Add value or default,https://github.com/Chalarangelo/30-seconds-of-code/pull/55,2017-12-13T07:37:25Z,2017-12-13T09:36:29Z,1,MERGED,8,0,1,81,1.9844444444444445,0,2
1,Fix link,https://github.com/yangshun/tech-interview-handbook/pull/1,2017-09-25T06:25:27Z,2017-09-25T08:03:20Z,1,MERGED,1,1,1,0,1.631388888888889,1,2
2,Changed to gender neutral rather than male only,https://github.com/yangshun/tech-interview-handbook/pull/3,2017-09-25T21:27:24Z,2017-09-25T23:39:01Z,1,MERGED,2,2,1,0,2.193611111111111,1,2
3,return -1 if target is not in array,https://github.com/yangshun/tech-interview-handbook/pull/9,2017-09-28T16:00:37Z,2017-09-30T13:51:37Z,2,MERGED,14,14,2,84,45.85,5,2
4,"Grammar fixes for tense, punctuation and wording.",https://github.com/yangshun/tech-interview-handbook/pull/17,2017-10-01T15:57:48Z,2017-10-01T17:20:37Z,3,MERGED,2,2,1,107,1.3802777777777777,2,2
5,Added Elevator Pitch section,https://github.com/yangshun/tech-interview-handbook/pull/30,2017-10-03T21:42:09Z,2017-10-04T17:00:29Z,2,MERGED,17,0,1,0,19.305555555555557,4,2
6,Create mergeSort.js,https://github.com/yangshun/tech-interview-handbook/pull/38,2017-10-09T18:01:44Z,2017-10-10T02:48:24Z,1,MERGED,54,0,1,0,8.777777777777779,2,2
1,"add ""Contributed by: @contributorID""",https://github.com/f/awesome-chatgpt-prompts/pull/60,2022-12-12T23:46:35Z,2022-12-13T06:24:49Z,3,MERGED,109,95,1,20,6.637222222222222,0,3
2,"Added ""Act as an IT Expert""",https://github.com/f/awesome-chatgpt-prompts/pull/88,2022-12-14T11:12:16Z,2022-12-14T14:49:06Z,2,MERGED,11,12,2,0,3.613888888888889,0,2
1,fix a couple typos,https://github.com/microsoft/PowerToys/pull/2,2019-05-06T23:33:59Z,2019-05-09T15:53:16Z,2,MERGED,1,1,1,61,64.32138888888889,1,4
2,s/expereince/experience,https://github.com/microsoft/PowerToys/pull/9,2019-05-07T03:37:11Z,2019-05-09T15:57:30Z,1,MERGED,1,1,1,0,60.33861111111111,1,3
3,Images for Specs,https://github.com/microsoft/PowerToys/pull/133,2019-05-29T21:43:06Z,2019-11-11T21:49:56Z,2,MERGED,60,0,6,0,3984.113888888889,1,8
4,Fixed typo in readme,https://github.com/microsoft/PowerToys/pull/153,2019-09-05T16:40:42Z,2019-09-06T17:01:40Z,2,MERGED,1,1,1,948,24.349444444444444,1,3
5,update backlog links,https://github.com/microsoft/PowerToys/pull/201,2019-09-05T18:47:24Z,2019-09-06T17:02:33Z,1,MERGED,26,26,2,367,22.2525,0,2
6,Fixed typo,https://github.com/microsoft/PowerToys/pull/240,2019-09-06T11:54:46Z,2019-09-06T17:18:45Z,1,MERGED,1,1,1,12,5.3997222222222225,1,3
7,Update README.md,https://github.com/microsoft/PowerToys/pull/242,2019-09-06T13:09:15Z,2019-09-06T17:19:45Z,1,MERGED,1,1,1,1154,4.175,1,3
8,Fix typo,https://github.com/microsoft/PowerToys/pull/251,2019-09-06T14:16:20Z,2019-09-06T17:23:06Z,2,MERGED,1,1,1,76,3.1127777777777776,1,3
9,Fixed spelling in ReadMe,https://github.com/microsoft/PowerToys/pull/258,2019-09-06T15:18:56Z,2019-09-06T17:42:58Z,1,MERGED,5,5,1,1271,2.4005555555555556,1,3
10,Advertise shortcuts,https://github.com/microsoft/PowerToys/pull/273,2019-09-06T21:01:28Z,2019-09-09T16:19:17Z,1,MERGED,19,33,3,625,67.29694444444445,4,2
11,Slight web bits cleanup,https://github.com/microsoft/PowerToys/pull/280,2019-09-06T23:38:59Z,2019-09-09T11:47:19Z,1,MERGED,35,64,10,277,60.138888888888886,4,4
12,Update CI pipeline,https://github.com/microsoft/PowerToys/pull/318,2019-09-09T08:59:01Z,2019-09-09T13:13:22Z,1,MERGED,1,1,3,829,4.239166666666667,0,2
1,Document how to install on Fedora,https://github.com/Genymobile/scrcpy/pull/29,2018-03-10T11:11:28Z,2018-03-11T21:10:02Z,5,MERGED,8,0,1,195,33.97611111111111,7,2
2,macOS specific README changes,https://github.com/Genymobile/scrcpy/pull/56,2018-03-13T03:02:04Z,2018-03-28T12:17:22Z,5,MERGED,39,4,1,235,369.255,3,2
3,"Add support for CTRL+S to send hardware ""shake"" to device",https://github.com/Genymobile/scrcpy/pull/85,2018-03-21T01:14:46Z,2018-03-23T09:15:10Z,1,MERGED,11,0,3,255,56.00666666666667,9,5
4,[Feature] Drag and drop to install apk files from your computer,https://github.com/Genymobile/scrcpy/pull/133,2018-04-28T22:28:38Z,2018-05-28T20:58:57Z,4,MERGED,229,0,6,164,718.5052777777778,14,2
5,Added a useful guide link for the FAQ,https://github.com/Genymobile/scrcpy/pull/142,2018-05-04T01:56:26Z,2018-08-15T13:24:38Z,1,MERGED,4,0,1,156,2483.47,1,2
6,support drag & drop file to device /sdcard,https://github.com/Genymobile/scrcpy/pull/226,2018-08-11T13:59:58Z,2018-08-15T15:25:45Z,9,MERGED,278,231,7,338,97.42972222222222,6,2
7,check adb runnable before starting scrcpy,https://github.com/Genymobile/scrcpy/pull/236,2018-08-21T13:34:33Z,2018-09-04T06:50:12Z,12,MERGED,93,14,4,293,329.2608333333333,8,2
8,Work around for multiple displays with respective scales,https://github.com/Genymobile/scrcpy/pull/245,2018-08-26T11:52:13Z,2019-10-31T20:29:39Z,12,MERGED,37,0,3,298,10352.62388888889,23,8
9,Added new command line parameter to start in fullscreen,https://github.com/Genymobile/scrcpy/pull/252,2018-09-04T13:57:59Z,2018-09-04T16:49:56Z,1,MERGED,15,1,3,164,2.8658333333333332,1,3
10,Return specific error for missing adb binary on Windows,https://github.com/Genymobile/scrcpy/pull/254,2018-09-08T01:24:31Z,2018-09-09T13:36:34Z,1,MERGED,10,1,2,628,36.200833333333335,1,2
11,prevent closing console right after process error in windows,https://github.com/Genymobile/scrcpy/pull/261,2018-09-14T12:37:43Z,2018-09-18T06:56:41Z,1,MERGED,6,0,1,46,90.31611111111111,0,2
12,Record screen to file,https://github.com/Genymobile/scrcpy/pull/292,2018-10-09T02:25:14Z,2018-11-11T22:40:26Z,4,MERGED,74,9,5,100,812.2533333333333,21,3
13,Desktop entry file for Linux app launchers (resolves #295),https://github.com/Genymobile/scrcpy/pull/296,2018-10-14T08:57:43Z,2022-09-09T17:13:53Z,6,MERGED,16,0,2,182,34232.26944444444,4,6
14,app: add always_on_top,https://github.com/Genymobile/scrcpy/pull/412,2019-01-27T11:10:58Z,2019-01-27T13:09:19Z,2,MERGED,44,15,6,201,1.9725,4,2
15,Added a new option : -n/--no-window,https://github.com/Genymobile/scrcpy/pull/418,2019-02-01T22:22:54Z,2019-03-02T17:42:37Z,5,MERGED,32,4,4,130,691.3286111111111,12,4
16,add KeyCharacterMap.UnavailableException,https://github.com/Genymobile/scrcpy/pull/478,2019-03-27T08:10:47Z,2019-10-31T20:19:53Z,1,MERGED,11,1,1,51,5244.151666666667,6,3
17,Return success count in injectText,https://github.com/Genymobile/scrcpy/pull/542,2019-05-19T01:04:14Z,2019-05-20T07:06:09Z,1,MERGED,5,3,1,144,30.031944444444445,2,2
1,Don't assume the project is hosted at the root,https://github.com/facebook/create-react-app/pull/94,2016-07-22T19:17:34Z,2016-07-24T23:07:33Z,1,MERGED,34,8,3,104,51.83305555555555,20,6
1,Fixed typo,https://github.com/goldbergyoni/nodebestpractices/pull/9,2017-11-03T05:29:59Z,2017-11-03T15:28:15Z,1,MERGED,1,1,1,54,9.971111111111112,1,3
2,Fix typo pitfal to pitfall,https://github.com/goldbergyoni/nodebestpractices/pull/10,2017-11-03T10:53:36Z,2017-11-03T15:31:24Z,1,MERGED,1,1,1,0,4.63,1,3
3,Update README.md,https://github.com/goldbergyoni/nodebestpractices/pull/14,2017-11-03T14:26:53Z,2017-11-03T15:32:48Z,1,MERGED,2,2,1,48,1.0986111111111112,1,3
4,Add spanish translation skeleton,https://github.com/goldbergyoni/nodebestpractices/pull/16,2017-11-03T20:06:10Z,2019-04-04T07:50:50Z,3,MERGED,131,137,7,55,12395.744444444445,20,6
5,Fixed some typos,https://github.com/goldbergyoni/nodebestpractices/pull/20,2017-11-04T12:01:21Z,2017-11-05T21:19:01Z,1,MERGED,43,42,1,40,33.294444444444444,3,3
6,[errorhandling] Format js code in the blog section,https://github.com/goldbergyoni/nodebestpractices/pull/23,2017-11-04T17:33:15Z,2017-11-04T21:00:51Z,1,MERGED,4,4,1,145,3.46,1,3
7,Update README.md,https://github.com/goldbergyoni/nodebestpractices/pull/24,2017-11-04T21:57:40Z,2017-11-05T15:49:28Z,1,MERGED,1,1,1,0,17.863333333333333,0,3
8,Fixed typos and optimized sentence syntax of sections,https://github.com/goldbergyoni/nodebestpractices/pull/29,2017-11-06T18:24:01Z,2017-11-09T20:21:00Z,1,MERGED,27,27,22,0,73.94972222222222,5,3
9,corrected typos in readme,https://github.com/goldbergyoni/nodebestpractices/pull/35,2017-11-08T06:20:46Z,2017-11-08T19:54:03Z,1,MERGED,6,6,1,151,13.554722222222223,1,2
10,Add Keymetrics to APM section,https://github.com/goldbergyoni/nodebestpractices/pull/39,2017-11-08T13:39:48Z,2018-09-19T08:36:36Z,1,MERGED,7,3,2,0,7554.946666666667,7,5
11,Fix link formatting,https://github.com/goldbergyoni/nodebestpractices/pull/48,2017-11-09T14:54:00Z,2017-11-09T20:45:13Z,2,MERGED,2,2,1,0,5.853611111111111,1,2
12,Fixing #51,https://github.com/goldbergyoni/nodebestpractices/pull/52,2017-11-10T04:59:56Z,2017-11-14T19:23:55Z,1,MERGED,7,15,1,983,110.39972222222222,4,3
13,Fix code sample syntax issue for bullet 3.3,https://github.com/goldbergyoni/nodebestpractices/pull/56,2017-11-10T08:29:49Z,2017-11-11T10:03:38Z,1,MERGED,2,2,1,103,25.56361111111111,1,2
14,Fixup a couple of code examples,https://github.com/goldbergyoni/nodebestpractices/pull/57,2017-11-10T09:20:14Z,2017-11-11T20:16:37Z,1,MERGED,3,3,2,78,34.93972222222222,0,2
15,Update productoncode.md,https://github.com/goldbergyoni/nodebestpractices/pull/58,2017-11-10T13:52:12Z,2017-11-11T10:00:52Z,1,MERGED,1,1,1,39,20.144444444444446,1,2
16,Add section on healthchecks,https://github.com/goldbergyoni/nodebestpractices/pull/60,2017-11-11T15:22:36Z,2018-05-08T07:21:29Z,1,MERGED,25,0,2,1233,4263.981388888889,5,3
17,Remove unneeded image and replace with code block,https://github.com/goldbergyoni/nodebestpractices/pull/61,2017-11-12T14:53:13Z,2017-11-14T19:18:38Z,1,MERGED,17,1,2,168,52.423611111111114,2,3
18,Clean up some grammar,https://github.com/goldbergyoni/nodebestpractices/pull/62,2017-11-13T00:56:37Z,2017-11-14T13:00:45Z,1,MERGED,5,5,1,35,36.068888888888885,0,2
19,Typo,https://github.com/goldbergyoni/nodebestpractices/pull/64,2017-11-14T09:33:28Z,2017-11-14T12:49:17Z,1,MERGED,1,1,1,167,3.263611111111111,4,3
20,Tiny grammar fix in section 1.2,https://github.com/goldbergyoni/nodebestpractices/pull/65,2017-11-14T17:38:30Z,2017-11-14T19:17:15Z,1,MERGED,2,2,1,80,1.6458333333333333,3,2
21,tiny ToC fix,https://github.com/goldbergyoni/nodebestpractices/pull/70,2017-11-15T09:33:23Z,2017-11-15T10:47:48Z,1,MERGED,1,1,1,0,1.2402777777777778,0,2
22,Add 'milestones' section to README,https://github.com/goldbergyoni/nodebestpractices/pull/76,2017-11-15T17:20:21Z,2017-11-16T16:08:03Z,1,MERGED,5,0,1,0,22.795,0,3
1,feat(computational_complexity/two_sum): add go code,https://github.com/krahets/hello-algo/pull/8,2022-11-24T14:59:50Z,2022-11-25T03:54:47Z,20,MERGED,93,2,5,49,12.915833333333333,4,2
2,Python sorting algorithm,https://github.com/krahets/hello-algo/pull/17,2022-11-25T07:49:25Z,2022-11-25T15:54:55Z,1,MERGED,239,12,4,0,8.091666666666667,3,2
3,feat(pkg): support go basic pkg,https://github.com/krahets/hello-algo/pull/20,2022-11-25T12:27:45Z,2022-11-25T18:12:15Z,4,MERGED,359,0,9,28,5.741666666666666,1,2
4,sort,https://github.com/krahets/hello-algo/pull/21,2022-11-25T15:55:37Z,2022-11-25T16:59:47Z,3,MERGED,238,12,4,0,1.0694444444444444,2,2
5,feat(tree): add go code,https://github.com/krahets/hello-algo/pull/29,2022-11-26T06:42:30Z,2022-11-26T08:40:12Z,8,MERGED,370,16,11,0,1.9616666666666667,1,2
6,Update binary_tree.md,https://github.com/krahets/hello-algo/pull/30,2022-11-26T11:44:25Z,2022-11-26T14:14:58Z,1,MERGED,4,4,1,0,2.5091666666666668,1,2
7,Update binary_search_tree.md,https://github.com/krahets/hello-algo/pull/31,2022-11-26T11:47:12Z,2022-11-26T14:15:44Z,1,MERGED,1,1,1,0,2.4755555555555557,1,2
8,add javascript codes for Array,https://github.com/krahets/hello-algo/pull/34,2022-11-27T10:36:14Z,2022-11-27T12:11:11Z,5,MERGED,182,0,2,9,1.5825,2,2
9,Update stack.cpp,https://github.com/krahets/hello-algo/pull/35,2022-11-27T16:52:19Z,2022-11-28T12:23:08Z,3,MERGED,30,0,1,11,19.51361111111111,1,2
10,Update PrintUtil.hpp,https://github.com/krahets/hello-algo/pull/36,2022-11-27T16:53:23Z,2022-11-28T12:22:46Z,3,MERGED,28,14,1,11,19.489722222222223,1,2
11,Update stack.cpp,https://github.com/krahets/hello-algo/pull/39,2022-11-28T01:06:05Z,2022-11-28T12:52:45Z,1,MERGED,33,2,1,16,11.777777777777779,1,2
12,Update PrintUtil.hpp,https://github.com/krahets/hello-algo/pull/40,2022-11-28T01:34:48Z,2022-11-28T12:51:58Z,1,MERGED,28,0,1,47,11.286111111111111,1,2
13,Update linkedlist_stack.cpp,https://github.com/krahets/hello-algo/pull/41,2022-11-28T02:15:38Z,2022-11-28T13:11:42Z,1,MERGED,74,2,1,6,10.934444444444445,1,2
14,Update array_stack.cpp,https://github.com/krahets/hello-algo/pull/42,2022-11-28T02:43:28Z,2022-11-28T16:30:03Z,5,MERGED,38,2,1,6,13.776388888888889,2,2
15,Update array_stack.cpp,https://github.com/krahets/hello-algo/pull/44,2022-11-28T14:24:35Z,2022-11-28T16:29:25Z,1,MERGED,76,2,1,40,2.0805555555555557,1,2
16,feat(stack_and_queue): add go code.,https://github.com/krahets/hello-algo/pull/45,2022-11-28T17:14:06Z,2022-11-29T12:28:59Z,8,MERGED,730,2,14,125,19.248055555555556,1,2
17,Ê†àÁöÑpython‰ª£Á†Å,https://github.com/krahets/hello-algo/pull/50,2022-11-29T06:04:10Z,2022-11-29T15:12:46Z,11,MERGED,176,9,3,0,9.143333333333333,5,2
18,Add python code for queue,https://github.com/krahets/hello-algo/pull/53,2022-11-30T04:17:26Z,2022-12-01T14:55:24Z,4,MERGED,265,12,4,0,34.632777777777775,1,2
19,Update array_stack.py,https://github.com/krahets/hello-algo/pull/55,2022-11-30T22:51:00Z,2022-12-01T14:57:33Z,1,MERGED,3,3,1,20,16.109166666666667,1,2
20,fix(codes/cpp/include/TreeNode.hpp):  fix 'vecToTree' function,https://github.com/krahets/hello-algo/pull/56,2022-12-01T01:20:35Z,2022-12-01T14:47:29Z,1,MERGED,17,14,1,0,13.448333333333334,1,2
21,add sort for javascript codes,https://github.com/krahets/hello-algo/pull/57,2022-12-01T10:29:56Z,2022-12-01T14:41:33Z,3,MERGED,479,0,8,29,4.193611111111111,2,2
22,Êñ∞Â¢ûÂèåÊåáÈíàÁÆóÊ≥ïÊäÄÂ∑ßÁöÑ‰ª£Á†Å‰∏éÊñáÁ´†,https://github.com/krahets/hello-algo/pull/67,2022-12-03T08:15:55Z,2022-12-04T08:32:21Z,21,MERGED,19,65,2,38,24.273888888888887,1,2
23, Create 'avl_tree' and modify 'TreeNode.hpp' to support 'avl_tree',https://github.com/krahets/hello-algo/pull/68,2022-12-03T09:37:51Z,2022-12-10T18:33:20Z,9,MERGED,872,4,16,0,176.92472222222221,3,2
24,search,https://github.com/krahets/hello-algo/pull/69,2022-12-03T14:57:42Z,2022-12-03T17:33:19Z,1,MERGED,106,6,3,0,2.593611111111111,1,2
25,Update stack.md,https://github.com/krahets/hello-algo/pull/70,2022-12-03T15:00:35Z,2022-12-04T05:07:09Z,3,MERGED,100,0,3,39,14.109444444444444,4,3
26,add JavaScript codes for Tree,https://github.com/krahets/hello-algo/pull/71,2022-12-04T04:26:37Z,2022-12-04T16:15:33Z,4,MERGED,554,6,8,29,11.815555555555555,1,2
27,goËØ≠Ë®ÄÊï∞ÁªÑ,https://github.com/krahets/hello-algo/pull/74,2022-12-05T01:10:35Z,2022-12-16T12:49:39Z,5,MERGED,67,0,1,0,275.6511111111111,2,3
28,Update binary_search.md,https://github.com/krahets/hello-algo/pull/75,2022-12-05T09:10:56Z,2022-12-05T12:47:21Z,1,MERGED,107,3,3,54,3.6069444444444443,2,2
29,binary_search using go,https://github.com/krahets/hello-algo/pull/76,2022-12-05T12:48:33Z,2022-12-05T14:48:26Z,1,MERGED,107,3,3,0,1.9980555555555555,1,2
30,bubble sort using go,https://github.com/krahets/hello-algo/pull/79,2022-12-06T16:33:12Z,2022-12-07T10:39:30Z,2,MERGED,89,2,3,0,18.105,1,2
31,Bubble sort using go,https://github.com/krahets/hello-algo/pull/80,2022-12-07T10:40:52Z,2022-12-07T13:32:42Z,1,MERGED,89,2,3,16,2.863888888888889,1,2
32,Array stack in js and ts,https://github.com/krahets/hello-algo/pull/81,2022-12-08T16:06:41Z,2022-12-09T18:59:20Z,5,MERGED,252,2,3,24,26.8775,2,2
33,Hashing search using go,https://github.com/krahets/hello-algo/pull/91,2022-12-12T08:45:52Z,2022-12-12T15:20:36Z,5,MERGED,84,2,3,22,6.578888888888889,1,2
34,Insertion sort using go,https://github.com/krahets/hello-algo/pull/92,2022-12-12T10:36:28Z,2022-12-12T12:00:59Z,4,MERGED,49,1,3,0,1.408611111111111,1,2
35,Js dev,https://github.com/krahets/hello-algo/pull/93,2022-12-12T13:31:33Z,2022-12-12T14:59:43Z,1,MERGED,570,46,8,43,1.4694444444444446,1,2
36,Quick sort using go,https://github.com/krahets/hello-algo/pull/94,2022-12-12T13:34:29Z,2022-12-12T15:02:54Z,2,MERGED,226,3,3,0,1.4736111111111112,1,2
37,Array queue in js and ts,https://github.com/krahets/hello-algo/pull/97,2022-12-12T16:01:36Z,2022-12-19T16:58:55Z,3,MERGED,5174,575,97,24,168.95527777777778,13,10
1,Add a switch for exporting settings,https://github.com/microsoft/terminal/pull/19,2017-08-15T16:17:16Z,2018-04-25T21:18:49Z,5,MERGED,66,4,4,118,6077.025833333333,0,7
2,Dynamically generate list of parsers,https://github.com/microsoft/terminal/pull/25,2017-08-28T17:06:15Z,2018-04-25T21:23:47Z,1,MERGED,30,12,6,1426,5764.292222222222,1,4
3,Add support for using ColorTool in WSL,https://github.com/microsoft/terminal/pull/50,2018-01-19T21:51:17Z,2018-10-02T17:24:39Z,2,MERGED,334,154,3,385,6139.556111111111,8,4
4,Change listing of available schemes to use directory of executable,https://github.com/microsoft/terminal/pull/164,2018-04-29T15:46:49Z,2018-04-30T15:26:33Z,1,MERGED,4,2,1,250,23.662222222222223,1,2
5,Adjust 'ANSI 8' color to be more visible against background. Fixes #180,https://github.com/microsoft/terminal/pull/181,2018-05-16T16:52:11Z,2018-10-02T16:11:50Z,1,MERGED,5,5,2,0,3335.3275,2,4
6,"Markdown fixes, also add a description",https://github.com/microsoft/terminal/pull/184,2018-05-17T10:29:06Z,2018-05-17T15:18:04Z,1,MERGED,4,2,1,0,4.816111111111111,0,2
7,Consolidate schemes path search code,https://github.com/microsoft/terminal/pull/197,2018-05-31T11:01:45Z,2018-06-06T21:54:30Z,1,MERGED,51,69,3,310,154.87916666666666,2,3
8,Fix UIntTocolor,https://github.com/microsoft/terminal/pull/236,2018-08-19T05:16:39Z,2018-10-02T16:09:49Z,1,MERGED,3,4,1,119,1066.8861111111112,0,2
9,Add an example application that uses the pseudoconsole APIs,https://github.com/microsoft/terminal/pull/247,2018-08-31T00:03:48Z,2018-09-11T03:07:18Z,31,MERGED,486,0,8,73,267.05833333333334,1,3
10,Add csharp conpty sample,https://github.com/microsoft/terminal/pull/260,2018-09-20T15:21:40Z,2018-10-04T17:18:35Z,5,MERGED,740,0,14,1304,337.9486111111111,5,4
11,Add the new ConPTY samples to the readme,https://github.com/microsoft/terminal/pull/272,2018-10-06T10:53:24Z,2018-10-08T16:09:02Z,1,MERGED,3,1,1,204,53.260555555555555,1,2
12,Added location flag to colortool and updated help.,https://github.com/microsoft/terminal/pull/278,2018-10-10T20:26:41Z,2019-03-28T23:59:38Z,7,MERGED,182,171,2,45,4059.5491666666667,4,8
13,Add GUIConsole sample,https://github.com/microsoft/terminal/pull/285,2018-10-14T13:22:47Z,2019-05-18T18:17:37Z,7,MERGED,1193,0,22,463,5188.913888888889,20,6
14,Retargeted EchoCon sample project to 17763 now Win10 1809 has shipped,https://github.com/microsoft/terminal/pull/340,2019-01-04T19:20:11Z,2019-04-25T00:20:21Z,2,MERGED,1,1,1,0,2645.0027777777777,0,3
15,Don't report scheme parse errors by default,https://github.com/microsoft/terminal/pull/378,2019-02-27T16:41:37Z,2019-02-27T20:57:12Z,6,MERGED,38,31,6,640,4.259722222222222,1,3
16,Back and forground index export,https://github.com/microsoft/terminal/pull/400,2019-03-29T16:33:48Z,2019-04-02T17:21:23Z,5,MERGED,126,18,6,838,96.79305555555555,2,3
17,added Support for parsing screen color in json,https://github.com/microsoft/terminal/pull/402,2019-03-29T20:58:13Z,2019-04-02T02:16:01Z,2,MERGED,21,1,1,26,77.29666666666667,1,3
18,ReadConsoleInputStream demo,https://github.com/microsoft/terminal/pull/414,2019-04-21T17:35:08Z,2019-04-25T17:08:53Z,50,MERGED,474,0,6,1511,95.5625,2,3
19,"Fix ColorTool parser and registry bugs, and refactor",https://github.com/microsoft/terminal/pull/418,2019-04-25T11:49:37Z,2019-04-29T19:12:02Z,9,MERGED,883,774,17,919,103.37361111111112,3,3
1,[WIP] use wildcard to check test outputs,https://github.com/denoland/deno/pull/3,2018-05-29T09:44:18Z,2018-05-30T12:33:56Z,2,MERGED,141,27,10,0,26.827222222222222,3,3
2,Implement FileWrite,https://github.com/denoland/deno/pull/5,2018-05-29T11:55:17Z,2018-06-22T13:33:24Z,3,MERGED,53,4,5,0,577.6352777777778,5,5
3,Remove hand crafted types for text-encoding,https://github.com/denoland/deno/pull/6,2018-05-29T16:16:58Z,2018-06-01T20:20:34Z,9,MERGED,5,72,4,645,76.06,10,6
4,[WIP] Init Dockerfile,https://github.com/denoland/deno/pull/16,2018-05-30T13:28:50Z,2018-06-01T15:06:42Z,8,MERGED,26,0,2,81,49.63111111111111,1,5
5,Remove extra out argument sent to Parcel and reduce logging in output,https://github.com/denoland/deno/pull/22,2018-05-30T18:29:36Z,2018-05-31T00:03:11Z,2,MERGED,1,1,1,196,5.559722222222222,0,3
6,Update compile instructions in README,https://github.com/denoland/deno/pull/24,2018-05-31T04:09:45Z,2018-05-31T14:04:38Z,1,MERGED,17,10,1,125,9.914722222222222,2,4
7,"optimize the timer ts impl, and correct the duration if less than 10",https://github.com/denoland/deno/pull/54,2018-05-31T15:31:38Z,2018-05-31T21:39:45Z,16,MERGED,27,29,3,211,6.135277777777778,6,5
8,Rename LICENSE,https://github.com/denoland/deno/pull/57,2018-05-31T17:31:17Z,2018-05-31T21:17:33Z,1,MERGED,0,0,1,125,3.7711111111111113,2,4
9,Enhance README,https://github.com/denoland/deno/pull/58,2018-05-31T18:35:23Z,2018-05-31T21:32:03Z,2,MERGED,37,34,1,240,2.9444444444444446,1,4
10,Use docker for local development,https://github.com/denoland/deno/pull/63,2018-06-01T05:44:18Z,2018-06-22T13:34:24Z,3,MERGED,140,36,5,4744,511.835,7,5
11,update build step ,https://github.com/denoland/deno/pull/65,2018-06-01T06:15:38Z,2018-06-01T18:36:05Z,1,MERGED,1,0,1,32,12.340833333333334,8,4
12,Avoid apply and move arrayToStr to util,https://github.com/denoland/deno/pull/72,2018-06-01T09:07:55Z,2018-06-04T06:56:58Z,2,MERGED,5,5,2,133,69.8175,1,4
13,format runtime.ts,https://github.com/denoland/deno/pull/73,2018-06-01T09:29:16Z,2018-06-01T18:33:17Z,1,MERGED,1,1,1,0,9.066944444444445,2,4
14,[fix] fix some code to satisfied tslint,https://github.com/denoland/deno/pull/83,2018-06-01T12:39:17Z,2018-06-04T06:59:02Z,2,MERGED,4,4,3,271,66.32916666666667,0,3
15,docs: add issue template,https://github.com/denoland/deno/pull/90,2018-06-01T14:02:51Z,2018-06-01T18:34:59Z,1,MERGED,2,0,1,82,4.535555555555556,2,4
16,Check if prettier is run in lint task,https://github.com/denoland/deno/pull/93,2018-06-01T16:24:44Z,2018-06-04T07:03:43Z,1,MERGED,2,0,2,71,62.64972222222222,2,3
17,feat: ( os ) Implement FileStateSync and test in test.ts,https://github.com/denoland/deno/pull/98,2018-06-02T00:49:10Z,2018-06-22T13:35:46Z,8,MERGED,68,4,7,0,492.77666666666664,3,5
18,fix typescript warning,https://github.com/denoland/deno/pull/99,2018-06-02T05:21:51Z,2018-06-04T07:06:42Z,1,MERGED,2,2,1,82,49.7475,3,5
19,os: implement tempDirSync and use in tests.ts,https://github.com/denoland/deno/pull/100,2018-06-02T06:33:18Z,2018-06-05T10:19:09Z,4,MERGED,0,0,0,50,75.76416666666667,2,4
20,Add `console.assert`,https://github.com/denoland/deno/pull/102,2018-06-02T09:46:56Z,2018-06-05T07:58:51Z,7,MERGED,19,0,2,68,70.1986111111111,10,6
21,üìù Update install instructions around known error,https://github.com/denoland/deno/pull/110,2018-06-02T20:08:01Z,2018-06-04T07:41:51Z,5,MERGED,11,4,1,233,35.56388888888889,3,6
22,Enhance error check in dispatch.go,https://github.com/denoland/deno/pull/111,2018-06-03T05:24:20Z,2018-06-04T08:03:49Z,1,MERGED,1,3,1,44,26.658055555555556,2,4
23,Enhance README.md,https://github.com/denoland/deno/pull/129,2018-06-04T09:41:09Z,2018-06-05T08:16:07Z,1,MERGED,13,14,1,302,22.58277777777778,3,4
24,Use object destructing,https://github.com/denoland/deno/pull/130,2018-06-04T09:42:45Z,2018-06-05T08:43:01Z,3,MERGED,11,10,2,54,23.004444444444445,1,5
25,[fix] rename sendMsg to pubInternal and refactor some import statements,https://github.com/denoland/deno/pull/136,2018-06-05T03:36:06Z,2018-06-05T08:10:28Z,1,MERGED,14,15,4,217,4.572777777777778,0,2
26,Use check() to improve error check,https://github.com/denoland/deno/pull/139,2018-06-05T06:45:46Z,2018-06-05T08:07:40Z,1,MERGED,8,21,3,0,1.365,0,2
1,Harrison/add huggingface hub,https://github.com/langchain-ai/langchain/pull/23,2022-10-26T03:23:09Z,2022-10-26T05:00:34Z,7,MERGED,228,28,11,168,1.6236111111111111,0,2
2,[RFC] Self-consistent Draft,https://github.com/langchain-ai/langchain/pull/31,2022-10-27T13:33:00Z,2023-04-12T00:36:50Z,3,MERGED,602,36,19,429,3995.063888888889,1,2
3,Fix cohere integration,https://github.com/langchain-ai/langchain/pull/33,2022-10-27T19:12:22Z,2022-10-28T01:17:04Z,1,MERGED,1,1,1,119,6.078333333333333,1,3
4,prompt templating,https://github.com/langchain-ai/langchain/pull/41,2022-10-28T16:02:40Z,2022-10-30T16:45:28Z,3,MERGED,65,21,3,0,48.71333333333333,6,2
5,add developer guide,https://github.com/langchain-ai/langchain/pull/44,2022-10-31T01:21:57Z,2022-10-31T05:48:52Z,1,MERGED,25,0,1,63,4.448611111111111,0,2
6,FAISS and embedding support ,https://github.com/langchain-ai/langchain/pull/48,2022-11-01T04:33:38Z,2022-11-02T04:29:40Z,2,MERGED,427,5,19,46,23.933888888888887,5,2
7,DynamicPrompt class creation,https://github.com/langchain-ai/langchain/pull/49,2022-11-01T04:58:32Z,2022-11-05T19:43:22Z,6,MERGED,219,2,3,115,110.74722222222222,2,2
8,Add BasePrompt as abstract base class,https://github.com/langchain-ai/langchain/pull/60,2022-11-03T21:47:38Z,2022-11-04T15:42:45Z,1,MERGED,32,6,4,0,17.91861111111111,0,2
1,refactor,https://github.com/ollama/ollama/pull/1,2023-06-27T19:29:54Z,2023-06-27T20:49:08Z,3,MERGED,196,216,7,0,1.3205555555555555,0,2
2,use poetry,https://github.com/ollama/ollama/pull/3,2023-06-27T21:44:37Z,2023-06-28T14:36:35Z,1,MERGED,1363,22,7,282,16.86611111111111,0,3
3,add prompt templates as j2 templates,https://github.com/ollama/ollama/pull/7,2023-06-27T22:50:30Z,2023-06-28T14:37:03Z,1,MERGED,196,440,16,147,15.775833333333333,0,3
4,add with symlink,https://github.com/ollama/ollama/pull/10,2023-06-28T16:26:42Z,2023-06-30T18:54:22Z,2,MERGED,4,2,1,0,50.46111111111111,1,2
5,batch model,https://github.com/ollama/ollama/pull/15,2023-06-28T21:34:34Z,2023-06-29T00:10:39Z,1,MERGED,22,13,2,141,2.6013888888888888,0,2
6,update python version,https://github.com/ollama/ollama/pull/16,2023-06-28T21:46:35Z,2023-06-29T00:12:03Z,1,MERGED,166,356,3,49,2.4244444444444446,1,2
7,use ctransformers as backup to llama.cpp,https://github.com/ollama/ollama/pull/17,2023-06-29T00:26:07Z,2023-06-30T18:46:14Z,4,MERGED,823,74,12,0,42.335277777777776,0,3
8,use difflib.get_close_matches,https://github.com/ollama/ollama/pull/20,2023-06-29T16:43:57Z,2023-06-30T18:54:07Z,1,MERGED,3,13,1,26,26.169444444444444,0,2
9,just in time install llama-cpp-python,https://github.com/ollama/ollama/pull/32,2023-07-01T00:04:44Z,2023-07-06T16:30:31Z,1,MERGED,33,7,5,0,136.4297222222222,0,2
10,upgrade fuzzy search library,https://github.com/ollama/ollama/pull/37,2023-07-05T18:16:14Z,2023-07-05T19:16:19Z,3,MERGED,28,31,4,144,1.0013888888888889,1,2
11,Go run,https://github.com/ollama/ollama/pull/49,2023-07-06T23:03:39Z,2023-07-07T00:18:58Z,1,MERGED,235,187,7,0,1.2552777777777777,1,2
12,pass model and predict options,https://github.com/ollama/ollama/pull/52,2023-07-07T00:12:59Z,2023-07-07T17:59:11Z,3,MERGED,151,16,3,0,17.77,1,3
13,"if directory cannot be resolved, do not fail",https://github.com/ollama/ollama/pull/56,2023-07-07T19:28:14Z,2023-07-08T03:18:25Z,5,MERGED,36,1,3,22,7.836388888888889,1,3
14,take all args as one prompt,https://github.com/ollama/ollama/pull/57,2023-07-07T20:16:27Z,2023-07-10T10:05:09Z,1,MERGED,11,12,2,570,61.81166666666667,3,3
15,return error in generate response,https://github.com/ollama/ollama/pull/58,2023-07-07T21:27:14Z,2023-07-10T21:03:47Z,2,MERGED,38,7,4,0,71.60916666666667,1,3
16,llama: replace bindings with `llama_*` calls,https://github.com/ollama/ollama/pull/62,2023-07-10T02:44:43Z,2023-07-10T22:51:37Z,2,MERGED,101,983,10,415,20.115,2,2
17,Do not seg fault on client disconnect,https://github.com/ollama/ollama/pull/64,2023-07-10T11:46:30Z,2023-07-10T15:00:45Z,1,MERGED,30,14,2,103,3.2375,0,2
18,call llama.cpp directly from go,https://github.com/ollama/ollama/pull/65,2023-07-10T20:36:56Z,2023-07-11T19:01:03Z,10,MERGED,35552,1292,29,0,22.401944444444446,2,3
19,embeddings endpoint,https://github.com/ollama/ollama/pull/66,2023-07-11T16:39:48Z,2023-08-10T15:49:55Z,11,MERGED,85,31,2,0,719.1686111111111,6,4
20,app: write logs to ~/.ollama/logs,https://github.com/ollama/ollama/pull/67,2023-07-11T17:42:13Z,2023-07-11T18:45:21Z,2,MERGED,261,24,3,0,1.0522222222222222,0,2
21,Use embeddings to give the chat client session memory,https://github.com/ollama/ollama/pull/69,2023-07-11T20:53:44Z,2023-07-20T18:04:37Z,1,MERGED,174,9,7,316,213.18138888888888,1,1
22,offline fixes,https://github.com/ollama/ollama/pull/70,2023-07-11T20:57:54Z,2023-07-11T22:50:19Z,3,MERGED,143,144,6,621,1.8736111111111111,0,2
23,error checking new model,https://github.com/ollama/ollama/pull/71,2023-07-12T00:09:31Z,2023-07-12T16:20:33Z,1,MERGED,7,0,1,51,16.183888888888887,0,2
24,fix eof error in generate,https://github.com/ollama/ollama/pull/73,2023-07-12T16:36:33Z,2023-07-12T18:09:23Z,1,MERGED,16,20,4,21,1.5472222222222223,0,1
25,Timings,https://github.com/ollama/ollama/pull/74,2023-07-13T01:20:54Z,2023-07-13T17:17:14Z,1,MERGED,117,32,4,0,15.938888888888888,0,2
26,continue conversation,https://github.com/ollama/ollama/pull/77,2023-07-13T18:30:47Z,2023-07-14T21:57:42Z,1,MERGED,47,10,11,32,27.448611111111113,0,2
27,basic distribution w/ push/pull,https://github.com/ollama/ollama/pull/78,2023-07-14T00:19:28Z,2023-07-17T00:02:22Z,1,MERGED,1154,214,7,751,71.715,0,2
1,Number of arguments section.,https://github.com/ryanmcdermott/clean-code-javascript/pull/12,2017-01-04T22:26:03Z,2017-01-10T03:29:22Z,2,MERGED,1,1,1,273,125.05527777777777,5,5
2,Rephrase default value advice,https://github.com/ryanmcdermott/clean-code-javascript/pull/34,2017-01-06T04:16:49Z,2017-01-11T03:23:09Z,1,MERGED,7,28,1,543,119.10555555555555,4,2
3,Use destructuring for explanatory variables,https://github.com/ryanmcdermott/clean-code-javascript/pull/37,2017-01-06T08:52:10Z,2017-01-11T03:29:28Z,2,MERGED,6,6,1,154,114.62166666666667,5,4
4,Feature/change var,https://github.com/ryanmcdermott/clean-code-javascript/pull/38,2017-01-06T12:02:18Z,2017-01-08T16:58:10Z,3,MERGED,70,70,1,108,52.931111111111115,1,4
5,Add: Error Handling Section,https://github.com/ryanmcdermott/clean-code-javascript/pull/43,2017-01-06T16:42:18Z,2017-01-07T03:13:30Z,4,MERGED,78,4,1,0,10.52,3,2
6,Change var and let where necessary,https://github.com/ryanmcdermott/clean-code-javascript/pull/51,2017-01-06T22:02:49Z,2017-01-08T16:42:27Z,3,MERGED,109,110,1,64,42.660555555555554,3,3
1,"Add lint package.json lint script, .editorconfig file, fix linting errors",https://github.com/puppeteer/puppeteer/pull/17,2017-06-19T21:43:22Z,2017-06-19T22:58:31Z,2,MERGED,14,4,3,16,1.2525,1,2
2,WIP: use chrome-launcher for handling the browser.,https://github.com/puppeteer/puppeteer/pull/23,2017-06-19T23:50:38Z,2017-07-11T23:43:43Z,4,MERGED,897,88,3,159,527.8847222222222,4,4
3,Make InPageCallback async,https://github.com/puppeteer/puppeteer/pull/24,2017-06-20T01:04:02Z,2017-06-20T21:54:54Z,1,MERGED,59,81,6,31,20.84777777777778,2,3
4,Tweaks to readme. API doc link,https://github.com/puppeteer/puppeteer/pull/25,2017-06-20T02:17:49Z,2017-06-20T18:32:21Z,5,MERGED,49,28,1,72,16.24222222222222,0,2
5,Add travis config,https://github.com/puppeteer/puppeteer/pull/29,2017-06-20T22:29:42Z,2017-06-21T00:04:25Z,4,MERGED,606,5,3,314,1.5786111111111112,0,3
6,Extract navigator logic that waits for network idle!,https://github.com/puppeteer/puppeteer/pull/32,2017-06-20T23:58:00Z,2017-06-21T20:44:12Z,4,MERGED,103,11,2,0,20.77,1,2
7,Allow emulating devices,https://github.com/puppeteer/puppeteer/pull/37,2017-06-21T21:33:17Z,2017-07-18T01:57:50Z,1,MERGED,1439,32,3,0,628.4091666666667,1,2
8,fix(Navigator): add better network idle definition,https://github.com/puppeteer/puppeteer/pull/38,2017-06-23T00:53:27Z,2017-06-28T21:39:37Z,16,MERGED,203,28,5,333,140.76944444444445,7,3
9,Basic input,https://github.com/puppeteer/puppeteer/pull/45,2017-06-27T22:50:02Z,2017-06-28T01:27:23Z,7,MERGED,139,0,4,79,2.6225,0,2
10,add navigator test,https://github.com/puppeteer/puppeteer/pull/46,2017-06-28T00:08:16Z,2017-06-28T05:02:46Z,11,MERGED,106,0,4,74,4.908333333333333,0,2
11,Implement documentation linter,https://github.com/puppeteer/puppeteer/pull/47,2017-06-28T02:34:01Z,2017-07-07T16:36:45Z,3,MERGED,1715,61,11,1372,230.04555555555555,10,4
12,$ and $$ for querySelector and querySelectorAll,https://github.com/puppeteer/puppeteer/pull/58,2017-07-07T20:36:04Z,2017-07-12T22:17:05Z,2,MERGED,1428,468,28,0,121.6836111111111,4,9
13,Added frame.waitFor(selector),https://github.com/puppeteer/puppeteer/pull/59,2017-07-07T20:49:37Z,2017-07-07T22:39:03Z,6,MERGED,104,0,4,56,1.823888888888889,0,3
14,Page.uploadFile,https://github.com/puppeteer/puppeteer/pull/61,2017-07-08T00:54:01Z,2017-07-10T18:21:47Z,10,MERGED,75,8,8,3,65.46277777777777,0,3
15,Add tests for all public methods on Page,https://github.com/puppeteer/puppeteer/pull/62,2017-07-08T02:14:27Z,2017-07-10T17:09:59Z,3,MERGED,67,2,3,3,62.925555555555555,0,2
16,Mouse input,https://github.com/puppeteer/puppeteer/pull/69,2017-07-11T00:00:07Z,2017-07-21T21:16:03Z,3,MERGED,177,20,6,70,261.2655555555556,2,3
17,Add use cases and FAQ on Selenium,https://github.com/puppeteer/puppeteer/pull/70,2017-07-11T18:03:31Z,2017-07-11T23:27:46Z,1,MERGED,11,0,1,464,5.404166666666667,0,2
18,Capture native resolution while emulating.,https://github.com/puppeteer/puppeteer/pull/72,2017-07-11T22:38:04Z,2017-07-18T01:13:04Z,2,MERGED,1430,41,9,0,146.58333333333334,0,2
19,Cleanup _frameIdToExecutionContextId properly,https://github.com/puppeteer/puppeteer/pull/73,2017-07-12T00:51:09Z,2017-07-12T04:52:09Z,2,MERGED,2,5,1,0,4.016666666666667,0,2
20,Keyboard,https://github.com/puppeteer/puppeteer/pull/74,2017-07-12T19:27:55Z,2017-07-18T01:49:53Z,18,MERGED,576,38,11,70,126.36611111111111,3,2
21,$ and $$ as shortcuts for querySelector and querySelectorAll,https://github.com/puppeteer/puppeteer/pull/75,2017-07-12T22:23:10Z,2017-07-18T01:56:56Z,17,MERGED,158,9,8,86,123.56277777777778,5,4
22,Addded builtins object,https://github.com/puppeteer/puppeteer/pull/82,2017-07-14T23:55:38Z,2017-08-01T00:32:22Z,3,MERGED,77,25,3,148,408.6122222222222,0,3
23,Introduce waitForNavigation.,https://github.com/puppeteer/puppeteer/pull/94,2017-07-18T19:09:35Z,2017-07-19T01:54:25Z,1,MERGED,74,35,5,0,6.747222222222222,0,2
24,Remove keyboard.type and keyboard.press,https://github.com/puppeteer/puppeteer/pull/98,2017-07-19T22:28:55Z,2017-07-22T03:00:09Z,2,MERGED,31,66,4,43,52.52055555555555,0,2
1,Einstein‚Äôs 1905 Paper,https://github.com/papers-we-love/papers-we-love/pull/46,2014-03-10T22:34:51Z,2014-03-19T12:05:43Z,1,MERGED,10,0,2,250,205.51444444444445,17,6
1,Update in.m3u,https://github.com/iptv-org/iptv/pull/2,2019-03-24T18:12:04Z,2019-03-25T05:09:59Z,1,MERGED,2,0,1,0,10.965277777777779,2,2
1,Features from animelover1984/youtube-dl,https://github.com/yt-dlp/yt-dlp/pull/31,2021-01-24T07:35:40Z,2021-01-27T15:02:52Z,8,MERGED,587,72,12,1482,79.45333333333333,6,3
2,[niconico] Improvement niconico douga from another approach. (Support encrypted movies and old server source movies),https://github.com/yt-dlp/yt-dlp/pull/49,2021-02-02T08:50:15Z,2021-02-10T06:45:21Z,32,MERGED,346,176,4,3099,189.91833333333332,13,4
3,Aria2c support for MPEG-DASH and HLS,https://github.com/yt-dlp/yt-dlp/pull/55,2021-02-07T15:18:55Z,2021-02-08T16:46:02Z,13,MERGED,179,35,5,1484,25.451944444444443,4,2
4,Implement self updater,https://github.com/yt-dlp/yt-dlp/pull/64,2021-02-08T20:57:51Z,2021-02-09T12:34:01Z,2,MERGED,34,63,4,1494,15.602777777777778,3,2
5,Allow downloading of unplayable formats,https://github.com/yt-dlp/yt-dlp/pull/70,2021-02-10T17:55:29Z,2021-02-12T03:52:00Z,4,MERGED,106,47,29,1543,33.941944444444445,0,2
6,Fix HLS AES-128 with multiple keys in external downloaders,https://github.com/yt-dlp/yt-dlp/pull/79,2021-02-13T02:27:27Z,2021-02-13T16:15:41Z,1,MERGED,12,5,2,1762,13.803888888888888,0,2
7,Use one project name,https://github.com/yt-dlp/yt-dlp/pull/85,2021-02-14T23:29:02Z,2021-02-24T18:45:56Z,1,MERGED,501,506,927,2337,235.28166666666667,2,1
8,use new POST API for live chat,https://github.com/yt-dlp/yt-dlp/pull/86,2021-02-15T00:35:55Z,2021-02-15T09:57:21Z,12,MERGED,45,38,3,1824,9.357222222222223,2,2
9,[niconico] Support metadata 'channel' and 'channel_id' (fix #77).,https://github.com/yt-dlp/yt-dlp/pull/90,2021-02-16T07:37:14Z,2021-02-16T10:49:38Z,1,MERGED,22,2,1,1628,3.2066666666666666,0,2
10,[Zee5] Add new extractor,https://github.com/yt-dlp/yt-dlp/pull/100,2021-02-20T12:21:06Z,2021-02-22T17:20:43Z,4,MERGED,114,0,2,1830,52.993611111111115,1,2
11,Basic support for HLS media initialization,https://github.com/yt-dlp/yt-dlp/pull/103,2021-02-23T00:03:31Z,2021-02-23T16:00:56Z,1,MERGED,62,32,1,1517,15.956944444444444,0,2
12,Better support HLS media discontinuity and fully support media initialization,https://github.com/yt-dlp/yt-dlp/pull/105,2021-02-24T00:35:55Z,2021-02-24T14:47:53Z,1,MERGED,429,475,13,1595,14.199444444444444,1,2
13,[nebula] Add Nebula (watchnebula.com) extractor,https://github.com/yt-dlp/yt-dlp/pull/122,2021-02-28T22:34:42Z,2021-04-09T11:25:33Z,24,MERGED,207,1,2,2625,948.8475,10,2
14,[YouTube] Use new browse API for continuation page extraction.,https://github.com/yt-dlp/yt-dlp/pull/131,2021-03-03T02:24:55Z,2021-03-03T10:32:41Z,2,MERGED,38,34,1,2209,8.129444444444445,2,4
15,[cbs] Add support for ParamountPlus,https://github.com/yt-dlp/yt-dlp/pull/138,2021-03-04T13:40:30Z,2021-03-04T14:50:07Z,2,MERGED,7,4,1,1495,1.1602777777777777,0,2
16,[MXPlayer] Rewrite Extractor,https://github.com/yt-dlp/yt-dlp/pull/141,2021-03-05T04:16:35Z,2021-03-05T19:41:02Z,7,MERGED,84,60,1,1527,15.4075,0,2
1,add osx security awesome,https://github.com/Hack-with-Github/Awesome-Hacking/pull/6,2017-03-12T21:33:27Z,2017-05-29T12:04:06Z,1,MERGED,1,0,1,48,1862.5108333333333,5,5
2,Add an Awesome Vulnerability Research,https://github.com/Hack-with-Github/Awesome-Hacking/pull/12,2017-07-23T23:27:34Z,2017-07-25T17:36:56Z,1,MERGED,1,0,1,90,42.15611111111111,0,2
3,Added the How2Heap repository to the list of awesome repos,https://github.com/Hack-with-Github/Awesome-Hacking/pull/41,2018-10-07T23:29:11Z,2021-07-31T15:43:21Z,3,MERGED,1,0,1,60,24664.23611111111,2,7
4,README.md: header level should increment by 1,https://github.com/Hack-with-Github/Awesome-Hacking/pull/42,2018-10-15T22:53:28Z,2018-10-25T06:33:58Z,1,MERGED,4,4,1,41,223.675,0,2
5,Update README.md,https://github.com/Hack-with-Github/Awesome-Hacking/pull/45,2018-10-31T07:17:25Z,2018-11-07T12:06:14Z,1,MERGED,1,0,1,46,172.8136111111111,0,2
6,Added the awesome-serverless-security repo,https://github.com/Hack-with-Github/Awesome-Hacking/pull/48,2019-02-03T20:48:34Z,2019-02-09T09:00:42Z,1,MERGED,1,0,1,0,132.20222222222222,1,2
7,Add: hacker-roadmap awesome repository,https://github.com/Hack-with-Github/Awesome-Hacking/pull/50,2019-04-13T21:51:32Z,2019-04-26T03:31:38Z,1,MERGED,1,0,1,0,293.66833333333335,1,3
8,Fixed gray-hacker-resources broken link,https://github.com/Hack-with-Github/Awesome-Hacking/pull/52,2019-07-19T17:52:59Z,2019-07-31T16:43:23Z,1,MERGED,1,1,1,0,286.84,1,3
9,Added link to Awesome-Asset-Discovery,https://github.com/Hack-with-Github/Awesome-Hacking/pull/54,2019-10-02T10:46:16Z,2019-10-03T15:22:23Z,1,MERGED,1,0,1,95,28.601944444444445,0,2
10,Remove link to Malware Scripts due to 404,https://github.com/Hack-with-Github/Awesome-Hacking/pull/55,2019-10-02T10:57:24Z,2019-10-03T15:21:17Z,2,MERGED,0,1,1,63,28.398055555555555,0,4
1,Update README,https://github.com/microsoft/Web-Dev-For-Beginners/pull/4,2020-11-14T12:26:37Z,2020-11-14T16:55:58Z,1,MERGED,1,1,1,0,4.489166666666667,0,3
2,Update post-lecture-quiz.md,https://github.com/microsoft/Web-Dev-For-Beginners/pull/5,2020-11-14T13:10:14Z,2020-11-14T16:55:06Z,1,MERGED,1,1,1,0,3.747777777777778,0,2
3,Fix broken quiz links,https://github.com/microsoft/Web-Dev-For-Beginners/pull/8,2020-11-15T03:55:27Z,2020-11-15T14:11:04Z,1,MERGED,48,48,24,191,10.260277777777778,1,2
4,Fix broken image link in Introduction to GitHub,https://github.com/microsoft/Web-Dev-For-Beginners/pull/13,2020-11-15T10:40:38Z,2020-11-15T14:06:53Z,1,MERGED,1,1,1,186,3.4375,0,2
5,literlly nothing,https://github.com/microsoft/Web-Dev-For-Beginners/pull/15,2020-11-15T15:36:10Z,2020-11-15T17:17:30Z,1,MERGED,2,2,1,0,1.6888888888888889,1,2
6,"Major Fixes,",https://github.com/microsoft/Web-Dev-For-Beginners/pull/16,2020-11-15T17:57:06Z,2020-11-18T13:39:54Z,5,MERGED,5,3,1,24,67.71333333333334,4,2
7,Update pre-lecture-quiz.md,https://github.com/microsoft/Web-Dev-For-Beginners/pull/20,2020-11-16T00:36:25Z,2020-11-16T02:02:38Z,1,MERGED,1,1,1,54,1.4369444444444444,1,3
8,Removing Extra Spacing,https://github.com/microsoft/Web-Dev-For-Beginners/pull/22,2020-11-16T10:21:35Z,2020-11-16T12:40:09Z,1,MERGED,0,2,1,0,2.3094444444444444,1,2
9,Add Indonesian translations,https://github.com/microsoft/Web-Dev-For-Beginners/pull/27,2020-11-16T15:16:21Z,2020-11-16T17:56:32Z,2,MERGED,558,0,7,54,2.669722222222222,6,2
10,[WIP] Add korean translations,https://github.com/microsoft/Web-Dev-For-Beginners/pull/39,2020-11-17T13:04:11Z,2020-11-29T16:19:26Z,1,MERGED,5550,0,30,398,291.25416666666666,7,3
11,Added missing div tag,https://github.com/microsoft/Web-Dev-For-Beginners/pull/44,2020-11-17T16:26:09Z,2020-11-17T17:54:44Z,1,MERGED,4,3,2,78,1.476388888888889,2,2
12,Add indonesian translations (2-js-basics),https://github.com/microsoft/Web-Dev-For-Beginners/pull/53,2020-11-18T05:50:06Z,2020-12-31T14:44:48Z,1,MERGED,915,0,17,112,1040.9116666666666,5,5
13,Issue Solved- 08. Terrarium: Introduction to HTML ../images missing files #52,https://github.com/microsoft/Web-Dev-For-Beginners/pull/54,2020-11-18T06:02:16Z,2020-11-18T13:56:58Z,1,MERGED,1,1,17,295,7.911666666666667,3,2
14,Replace link to image folder,https://github.com/microsoft/Web-Dev-For-Beginners/pull/55,2020-11-18T07:40:56Z,2020-11-18T13:56:38Z,1,MERGED,1,1,1,13,6.261666666666667,1,3
15,Update pre-lecture-quiz.md,https://github.com/microsoft/Web-Dev-For-Beginners/pull/57,2020-11-18T08:07:29Z,2020-11-18T13:55:35Z,1,MERGED,2,2,1,36,5.801666666666667,0,2
16,Minor changes,https://github.com/microsoft/Web-Dev-For-Beginners/pull/59,2020-11-18T09:24:06Z,2020-11-19T06:32:59Z,1,MERGED,70,63,3,0,21.148055555555555,4,2
17,Translated 1-intro-to-programming-languages into Dutch,https://github.com/microsoft/Web-Dev-For-Beginners/pull/61,2020-11-18T11:20:11Z,2020-12-05T20:54:43Z,4,MERGED,193,0,1,82,417.5755555555556,2,3
18,js-basics: Fix setTimeout syntax,https://github.com/microsoft/Web-Dev-For-Beginners/pull/64,2020-11-18T15:11:51Z,2020-11-18T17:23:22Z,2,MERGED,5,5,1,0,2.1919444444444443,1,3
19,Added commands for staging a particular file and unstaging a file or multiple files,https://github.com/microsoft/Web-Dev-For-Beginners/pull/68,2020-11-19T08:04:29Z,2020-11-19T14:22:48Z,2,MERGED,27,2,1,83,6.3052777777777775,1,3
20,Update typo in game README.md,https://github.com/microsoft/Web-Dev-For-Beginners/pull/70,2020-11-19T14:16:55Z,2020-11-19T20:56:41Z,2,MERGED,2,2,1,46,6.6627777777777775,1,4
21,Add Japanese translation Lesson 01.,https://github.com/microsoft/Web-Dev-For-Beginners/pull/71,2020-11-20T11:41:55Z,2020-11-20T18:13:26Z,2,MERGED,287,0,3,0,6.525277777777778,3,3
22,Update making decisions README.md,https://github.com/microsoft/Web-Dev-For-Beginners/pull/72,2020-11-20T19:16:17Z,2020-11-21T14:32:51Z,1,MERGED,2,2,1,0,19.27611111111111,0,4
23,Small improvement of the german Readme.md,https://github.com/microsoft/Web-Dev-For-Beginners/pull/76,2020-11-21T20:03:05Z,2020-11-30T18:13:39Z,1,MERGED,1,1,1,116,214.1761111111111,2,3
24,Create German Readme.md translations,https://github.com/microsoft/Web-Dev-For-Beginners/pull/77,2020-11-21T20:22:58Z,2021-02-05T18:48:36Z,1,MERGED,50,0,2,390,1822.4272222222223,4,3
25,fix loadAsset function in 6-space-game/2-drawing-to-canvas/README.md,https://github.com/microsoft/Web-Dev-For-Beginners/pull/78,2020-11-21T23:55:48Z,2020-11-26T00:25:38Z,3,MERGED,2,2,1,409,96.49722222222222,2,3
26,Fix typo in readme ,https://github.com/microsoft/Web-Dev-For-Beginners/pull/80,2020-11-24T08:08:44Z,2020-11-24T14:23:08Z,1,MERGED,6,6,3,13,6.24,0,2
1,feat(proton) initial packages for webview and binding-rust,https://github.com/tauri-apps/tauri/pull/2,2019-07-14T02:55:46Z,2019-07-14T12:47:29Z,4,MERGED,6486,8,72,123,9.861944444444445,1,2
2,fix(ffi) define struct,https://github.com/tauri-apps/tauri/pull/5,2019-07-20T09:50:37Z,2019-07-20T17:50:07Z,1,MERGED,2,1,1,1914,7.991666666666666,0,2
3,chore(merge) feature/bundle fork,https://github.com/tauri-apps/tauri/pull/6,2019-07-20T19:50:44Z,2019-07-20T21:42:08Z,1,MERGED,5062,32,29,1739,1.8566666666666667,0,2
4,feat(MSI bundler) Basic functionality. ,https://github.com/tauri-apps/tauri/pull/14,2019-08-07T22:42:56Z,2019-08-20T14:33:49Z,3,MERGED,1576,612,9,1440,303.84805555555556,4,3
5,chore(project) rename to tauri,https://github.com/tauri-apps/tauri/pull/15,2019-08-13T23:34:05Z,2019-08-14T11:24:09Z,1,MERGED,124,124,49,1488,11.834444444444445,0,2
6,feat(tauri) core template isolated,https://github.com/tauri-apps/tauri/pull/18,2019-08-16T02:51:53Z,2019-08-16T10:58:31Z,2,MERGED,234,175,8,1487,8.110555555555555,0,2
7,feat(tauri) initial work for the CLI,https://github.com/tauri-apps/tauri/pull/20,2019-08-18T21:49:47Z,2019-08-19T21:09:30Z,11,MERGED,1253,6,18,1487,23.328611111111112,1,2
8,fix(tauri) embedded-server edge case with config host,https://github.com/tauri-apps/tauri/pull/26,2019-08-22T01:25:07Z,2019-08-22T07:52:02Z,1,MERGED,43,21,6,2078,6.448611111111111,0,2
9,fix(tauri) event system init on windows fixed,https://github.com/tauri-apps/tauri/pull/29,2019-08-23T13:30:01Z,2019-08-23T14:39:42Z,3,MERGED,46,39,4,1487,1.1613888888888888,0,2
10,feat(ui) webview impl on separate files,https://github.com/tauri-apps/tauri/pull/32,2019-08-25T12:00:56Z,2019-09-12T19:37:40Z,2,MERGED,2119,2111,9,1579,439.6122222222222,2,3
11,feat(docs): purge for external documentation page,https://github.com/tauri-apps/tauri/pull/36,2019-09-14T17:04:31Z,2019-09-15T08:52:08Z,1,MERGED,1,11750,111,95,15.793611111111112,1,2
12,feat(bundler) appimage,https://github.com/tauri-apps/tauri/pull/37,2019-09-24T22:09:22Z,2019-11-26T20:16:21Z,1,MERGED,420,14,9,197,1510.1163888888889,1,2
13,Feat(bundler) dmg bundler,https://github.com/tauri-apps/tauri/pull/38,2019-09-25T17:10:33Z,2019-10-07T20:03:19Z,1,MERGED,228,0,6,185,290.87944444444446,0,3
14,Refactor(Tauri) Rust 2018,https://github.com/tauri-apps/tauri/pull/39,2019-09-25T17:32:09Z,2019-10-07T11:15:34Z,1,MERGED,3,14,7,226,281.7236111111111,3,3
15,Feature/edge(ui),https://github.com/tauri-apps/tauri/pull/40,2019-10-05T21:34:12Z,2019-10-07T18:42:26Z,1,MERGED,1205,0,2,1510,45.13722222222222,0,2
16,Github Actions CI Process - Build Rust,https://github.com/tauri-apps/tauri/pull/49,2019-10-31T13:55:06Z,2019-11-02T08:36:16Z,1,MERGED,72,0,1,1355,42.68611111111111,0,2
17,feat(icons): add and test icon generation for tauri,https://github.com/tauri-apps/tauri/pull/55,2019-11-17T16:03:17Z,2019-11-17T21:30:15Z,1,MERGED,2135,88,19,521,5.4494444444444445,0,2
1,Fix Stackoverflow link,https://github.com/mtdvio/every-programmer-should-know/pull/23,2017-09-07T01:08:31Z,2017-09-07T15:57:54Z,1,MERGED,1,1,1,0,14.823055555555555,1,3
2,Add What Every Programmer Should Know About Memory,https://github.com/mtdvio/every-programmer-should-know/pull/37,2017-09-14T21:34:42Z,2017-09-16T16:16:12Z,1,MERGED,1,0,1,193,42.69166666666667,3,2
3,Update README.md,https://github.com/mtdvio/every-programmer-should-know/pull/51,2017-09-18T07:26:45Z,2017-09-18T12:36:35Z,1,MERGED,1,1,1,61,5.163888888888889,1,2
4,Slight typo in CONTRIBUTING.md,https://github.com/mtdvio/every-programmer-should-know/pull/67,2017-09-25T06:51:05Z,2017-09-28T11:47:04Z,1,MERGED,1,1,1,23,76.93305555555555,1,3
1,Add cuDNN support for convolutions,https://github.com/pytorch/pytorch/pull/36,2016-09-15T22:55:49Z,2016-09-27T21:55:04Z,22,MERGED,576,64,13,0,286.9875,7,5
2,"dataset/dataloader, multiprocess",https://github.com/pytorch/pytorch/pull/44,2016-09-21T01:26:33Z,2016-09-30T20:23:43Z,14,MERGED,246,108,5,198,234.95277777777778,0,5
3,Combine autograd.Leaf and autograd.Variable,https://github.com/pytorch/pytorch/pull/52,2016-09-25T19:39:12Z,2016-09-26T00:21:14Z,8,MERGED,77,81,8,568,4.700555555555556,0,3
4,Add data parallel functions to nn,https://github.com/pytorch/pytorch/pull/58,2016-09-27T00:04:06Z,2016-09-28T01:12:02Z,6,MERGED,0,0,0,64,25.13222222222222,0,4
5,fixing CPU builds by making cuda imports optional,https://github.com/pytorch/pytorch/pull/61,2016-09-28T04:14:03Z,2016-09-28T15:58:00Z,1,MERGED,39,24,7,51,11.7325,0,2
6,Add ffi utils for user C extensions,https://github.com/pytorch/pytorch/pull/62,2016-09-28T17:42:33Z,2016-09-29T16:36:16Z,1,MERGED,279,7,13,456,22.89527777777778,2,3
7,Lazy load CUDA and THNN modules,https://github.com/pytorch/pytorch/pull/64,2016-09-28T20:49:56Z,2016-09-28T23:29:53Z,6,MERGED,170,157,20,277,2.6658333333333335,3,2
8,Auto GPU for CUNN,https://github.com/pytorch/pytorch/pull/71,2016-09-29T20:34:10Z,2016-09-30T18:04:53Z,4,MERGED,62,56,7,0,21.511944444444445,0,2
9,Use NCCL in comm.py if available,https://github.com/pytorch/pytorch/pull/78,2016-09-30T23:42:09Z,2016-10-14T21:44:11Z,5,MERGED,376,3,6,0,334.0338888888889,0,2
10,"Support ""device"" keyword argument",https://github.com/pytorch/pytorch/pull/79,2016-10-01T19:13:38Z,2016-10-01T23:32:55Z,4,MERGED,44,70,4,97,4.3213888888888885,1,3
11,Add Module.modules() and Module.children(),https://github.com/pytorch/pytorch/pull/90,2016-10-01T22:41:17Z,2016-10-02T01:18:53Z,8,MERGED,56,21,4,161,2.6266666666666665,0,3
12,Serialization improvements,https://github.com/pytorch/pytorch/pull/99,2016-10-04T18:56:18Z,2016-10-05T01:11:42Z,1,MERGED,479,17,12,257,6.256666666666667,0,3
1,Drag to move selection,https://github.com/excalidraw/excalidraw/pull/28,2020-01-02T09:09:11Z,2020-01-02T13:58:25Z,1,MERGED,43,2,1,157,4.820555555555556,1,2
2,Select element on click,https://github.com/excalidraw/excalidraw/pull/29,2020-01-02T11:45:28Z,2020-01-02T15:37:14Z,5,MERGED,33,19,1,10,3.8627777777777776,3,2
3,Setup git and lock deps,https://github.com/excalidraw/excalidraw/pull/30,2020-01-02T11:49:50Z,2020-01-02T14:46:32Z,2,MERGED,10184,0,2,112,2.945,0,2
4,WIP: Migrate the elements array to react scope,https://github.com/excalidraw/excalidraw/pull/52,2020-01-02T22:55:33Z,2020-01-06T01:40:09Z,10,MERGED,185,155,1,360,74.74333333333334,5,3
5,Save to local storage,https://github.com/excalidraw/excalidraw/pull/53,2020-01-02T23:08:31Z,2020-01-03T17:12:37Z,21,MERGED,33,0,1,114,18.06833333333333,7,5
6,[WIP] Undo,https://github.com/excalidraw/excalidraw/pull/55,2020-01-02T23:41:52Z,2020-01-05T00:58:52Z,4,MERGED,45,17,1,149,49.28333333333333,6,4
7,Add support for 'delete' key,https://github.com/excalidraw/excalidraw/pull/56,2020-01-03T00:30:06Z,2020-01-03T15:47:34Z,5,MERGED,33,13,2,136,15.29111111111111,2,5
8,add cypress scaffolding,https://github.com/excalidraw/excalidraw/pull/66,2020-01-03T16:02:35Z,2020-01-12T05:25:09Z,6,MERGED,15804,11129,17,497,205.3761111111111,5,7
9,Deploy static to gh-pages,https://github.com/excalidraw/excalidraw/pull/69,2020-01-03T16:46:04Z,2020-01-03T20:53:37Z,1,MERGED,11,1,3,10,4.1258333333333335,10,3
10,[WIP] Scroll with mouse wheel,https://github.com/excalidraw/excalidraw/pull/74,2020-01-03T20:31:46Z,2020-01-03T22:06:54Z,2,MERGED,154,34,1,455,1.5855555555555556,4,3
11,[WIP] Add node worklow,https://github.com/excalidraw/excalidraw/pull/75,2020-01-03T20:40:28Z,2020-01-03T22:18:43Z,1,MERGED,14815,24,4,0,1.6375,10,3
12,[WIP] Adding README,https://github.com/excalidraw/excalidraw/pull/83,2020-01-03T21:57:19Z,2020-01-03T23:29:14Z,5,MERGED,40,0,1,82,1.5319444444444446,1,2
1,Add responsive sample to default config,https://github.com/tailwindlabs/tailwindcss/pull/24,2017-11-01T16:12:45Z,2017-11-01T17:56:51Z,1,MERGED,2,0,1,54,1.735,1,3
2,Min-width typo,https://github.com/tailwindlabs/tailwindcss/pull/38,2017-11-01T21:11:53Z,2017-11-01T22:33:27Z,2,MERGED,2,2,1,19,1.3594444444444445,1,3
3,Add form examples,https://github.com/tailwindlabs/tailwindcss/pull/72,2017-11-03T05:47:11Z,2017-11-03T15:39:42Z,1,MERGED,171,1,2,139,9.875277777777777,2,4
4,Register config file with Webpack for watching,https://github.com/tailwindlabs/tailwindcss/pull/77,2017-11-03T13:55:45Z,2017-11-03T15:04:09Z,5,MERGED,73,37,14,302,1.14,1,4
5,Build dist assets on prepare,https://github.com/tailwindlabs/tailwindcss/pull/79,2017-11-03T14:19:35Z,2017-11-03T15:31:21Z,1,MERGED,1,2,1,227,1.1961111111111111,0,2
6,Add all margin-auto utilities,https://github.com/tailwindlabs/tailwindcss/pull/82,2017-11-03T15:21:16Z,2017-11-06T16:22:59Z,2,MERGED,273,17,10,160,73.0286111111111,0,3
7,Make docs config compatible with older versions of node,https://github.com/tailwindlabs/tailwindcss/pull/85,2017-11-03T16:22:43Z,2017-11-03T18:24:42Z,3,MERGED,12,19,1,139,2.0330555555555554,0,3
8,Allow controlling where responsive utilities are rendered using optional `@tailwind screens;` directive,https://github.com/tailwindlabs/tailwindcss/pull/88,2017-11-03T18:47:33Z,2017-11-09T20:11:38Z,9,MERGED,92,6,5,429,145.4013888888889,4,2
9,remove empty media queries,https://github.com/tailwindlabs/tailwindcss/pull/89,2017-11-03T19:54:11Z,2017-11-03T23:13:49Z,6,MERGED,12,1,2,339,3.3272222222222223,1,2
1,Update README.md,https://github.com/gothinkster/realworld/pull/8,2017-04-20T02:59:48Z,2017-04-20T16:52:38Z,1,MERGED,5,5,1,0,13.880555555555556,0,2
2,Parameterize email/password in API Postman collection,https://github.com/gothinkster/realworld/pull/151,2017-11-12T04:56:47Z,2017-11-12T22:12:00Z,1,MERGED,7,7,2,94,17.253611111111113,0,2
3,Add Fullstack section and description,https://github.com/gothinkster/realworld/pull/153,2017-11-13T23:48:02Z,2017-11-15T19:01:10Z,1,MERGED,5,0,1,60,43.21888888888889,5,3
4,README: Add WIP fullstack Firebase,https://github.com/gothinkster/realworld/pull/205,2018-04-16T15:02:48Z,2018-04-16T21:02:36Z,1,MERGED,1,1,1,0,5.996666666666667,1,2
5,Add links to objective comparisons,https://github.com/gothinkster/realworld/pull/213,2018-05-04T09:21:51Z,2018-05-06T03:44:31Z,1,MERGED,3,0,1,0,42.37777777777778,1,2
6,Generate README with ranked repos automatically,https://github.com/gothinkster/realworld/pull/224,2018-06-01T13:17:50Z,2018-06-04T13:10:52Z,1,MERGED,401,2,8,433,71.88388888888889,1,2
7,Auto-update README,https://github.com/gothinkster/realworld/pull/225,2018-06-04T15:18:42Z,2018-06-04T20:15:20Z,1,MERGED,23,18,1,0,4.943888888888889,0,2
8,doc how to use the supplied Postman configs,https://github.com/gothinkster/realworld/pull/238,2018-07-02T04:52:41Z,2018-07-02T16:02:07Z,2,MERGED,28,0,1,0,11.157222222222222,2,3
1,Refactor: Add Kudos idea and update app description in README.md,https://github.com/florinpop17/app-ideas/pull/1,2019-03-01T00:13:44Z,2019-03-01T04:57:43Z,1,MERGED,49,3,2,86,4.733055555555556,0,2
2,Feature/add string art,https://github.com/florinpop17/app-ideas/pull/3,2019-03-03T00:00:45Z,2019-03-03T20:36:22Z,3,MERGED,46,0,2,40,20.593611111111112,1,2
3,Feature/add tz bot,https://github.com/florinpop17/app-ideas/pull/4,2019-03-03T21:07:33Z,2019-03-04T05:09:58Z,1,MERGED,38,0,2,28,8.040277777777778,0,2
4,Feature: Add Windchill application specification,https://github.com/florinpop17/app-ideas/pull/5,2019-03-03T21:56:57Z,2019-03-04T18:55:42Z,9,MERGED,74,0,3,71,20.979166666666668,0,2
5,Feature: Add Ripple Lights application specification,https://github.com/florinpop17/app-ideas/pull/6,2019-03-03T22:59:21Z,2019-03-04T18:58:11Z,3,MERGED,33,2,2,75,19.980555555555554,0,2
6,Feature: Add Bin2Dec application specification,https://github.com/florinpop17/app-ideas/pull/8,2019-03-06T02:02:56Z,2019-03-07T19:14:10Z,1,MERGED,39,0,2,69,41.187222222222225,0,2
7,Feature: Add TrueOrFalse app specification,https://github.com/florinpop17/app-ideas/pull/9,2019-03-06T15:14:22Z,2019-03-07T19:13:37Z,1,MERGED,38,0,2,65,27.9875,0,2
8,Feature: Add Flip Image App specification,https://github.com/florinpop17/app-ideas/pull/10,2019-03-07T13:29:50Z,2019-03-07T19:12:50Z,1,MERGED,37,0,2,64,5.716666666666667,0,2
9,Feature: Add Color Cycle application specification,https://github.com/florinpop17/app-ideas/pull/11,2019-03-09T16:31:06Z,2019-03-10T19:59:57Z,1,MERGED,41,0,2,73,27.480833333333333,1,2
10,Feature/add causeeffect app,https://github.com/florinpop17/app-ideas/pull/12,2019-03-14T01:01:39Z,2019-03-14T20:10:08Z,1,MERGED,65,0,2,41,19.14138888888889,0,2
11,Feature: Add Spell-It app specification,https://github.com/florinpop17/app-ideas/pull/15,2019-03-15T23:01:26Z,2019-03-16T21:03:53Z,1,MERGED,42,0,2,62,22.04083333333333,0,2
12,Refactor: Add application summary information,https://github.com/florinpop17/app-ideas/pull/18,2019-03-17T20:51:08Z,2019-03-18T12:34:18Z,1,MERGED,104,27,23,272,15.719444444444445,1,2
13,Feature: Add Sports Bracket Generator app specification,https://github.com/florinpop17/app-ideas/pull/20,2019-03-20T21:28:35Z,2019-03-21T12:38:30Z,1,MERGED,46,0,2,77,15.165277777777778,0,2
14,[feature] Created the proposal for a Roman2Dec-App idea.,https://github.com/florinpop17/app-ideas/pull/21,2019-03-22T09:43:53Z,2019-03-25T17:38:01Z,2,MERGED,49,0,1,283,79.90222222222222,3,2
15,Feature: Add Survey app specification,https://github.com/florinpop17/app-ideas/pull/22,2019-03-22T13:30:53Z,2019-03-24T13:57:52Z,4,MERGED,96,0,3,203,48.44972222222222,0,2
16,Feature/add bbengine app,https://github.com/florinpop17/app-ideas/pull/23,2019-03-26T00:41:38Z,2019-03-26T05:16:15Z,1,MERGED,112,7,2,0,4.576944444444444,0,2
17,Feature: Add RegExp Helper app specification,https://github.com/florinpop17/app-ideas/pull/25,2019-03-28T00:55:21Z,2019-03-29T12:39:49Z,4,MERGED,49,7,4,67,35.74111111111111,0,2
18,Refactor: Update project documentation to match FCC article,https://github.com/florinpop17/app-ideas/pull/26,2019-03-29T00:47:27Z,2019-03-29T02:59:41Z,1,MERGED,3,4,1,81,2.203888888888889,0,2
19,Feature: Add JSON2CSV app specification,https://github.com/florinpop17/app-ideas/pull/27,2019-03-31T13:38:16Z,2019-03-31T19:34:04Z,1,MERGED,55,0,2,62,5.93,2,2
20,Feature: Add CSV2JSON app specification,https://github.com/florinpop17/app-ideas/pull/28,2019-04-02T00:41:20Z,2019-04-02T17:42:50Z,1,MERGED,59,0,2,62,17.025,1,2
21,Feature/add highstriker app,https://github.com/florinpop17/app-ideas/pull/29,2019-04-02T22:22:25Z,2019-04-03T19:54:57Z,1,MERGED,52,0,3,86,21.54222222222222,1,2
22,Feature: Add Elevator app specification,https://github.com/florinpop17/app-ideas/pull/30,2019-04-05T00:07:26Z,2019-04-05T01:12:27Z,1,MERGED,65,0,2,62,1.083611111111111,0,2
23,Feature: Add FastFood simulator app specification,https://github.com/florinpop17/app-ideas/pull/31,2019-04-06T16:42:53Z,2019-04-06T20:43:24Z,1,MERGED,83,0,2,73,4.008611111111111,0,2
24,Feature: Add Shell game app specification,https://github.com/florinpop17/app-ideas/pull/35,2019-04-08T00:33:24Z,2019-04-08T04:53:06Z,1,MERGED,54,0,2,64,4.328333333333333,0,2
25,Feature: Add Typing Practice app specification,https://github.com/florinpop17/app-ideas/pull/37,2019-04-09T00:54:50Z,2019-04-09T04:40:41Z,1,MERGED,57,0,2,69,3.7641666666666667,0,2
26,Feature: Add Recipe app specification,https://github.com/florinpop17/app-ideas/pull/41,2019-04-10T22:16:33Z,2019-04-11T20:02:25Z,1,MERGED,54,2,2,60,21.764444444444443,1,2
27,Feature: Add Simple Online Store app specification,https://github.com/florinpop17/app-ideas/pull/42,2019-04-11T22:37:15Z,2019-04-12T04:09:40Z,1,MERGED,79,0,3,73,5.540277777777778,2,2
28,Feature/countdown timer app,https://github.com/florinpop17/app-ideas/pull/43,2019-04-13T23:17:16Z,2019-04-14T09:53:38Z,1,MERGED,61,0,2,51,10.606111111111112,0,2
29,Fix typo,https://github.com/florinpop17/app-ideas/pull/44,2019-04-14T18:53:13Z,2019-04-15T07:59:22Z,1,MERGED,1,1,1,89,13.1025,1,2
30,Feature: Add Calorie Counter app specification,https://github.com/florinpop17/app-ideas/pull/45,2019-04-15T01:36:23Z,2019-04-15T08:00:26Z,1,MERGED,51,0,2,69,6.400833333333333,0,2
31,Added Instagram Clone to Advanced app ideas,https://github.com/florinpop17/app-ideas/pull/46,2019-04-15T10:12:22Z,2019-04-15T12:30:46Z,3,MERGED,38,1,2,225,2.3066666666666666,1,2
32,Feature/key value app,https://github.com/florinpop17/app-ideas/pull/47,2019-04-16T00:12:00Z,2019-04-16T19:52:21Z,5,MERGED,41,0,2,31,19.6725,0,2
33,Feature: Add GitHub Status app specification,https://github.com/florinpop17/app-ideas/pull/48,2019-04-17T00:13:53Z,2019-04-17T04:15:51Z,1,MERGED,55,0,2,67,4.032777777777778,0,2
34,Added example project built with react,https://github.com/florinpop17/app-ideas/pull/49,2019-04-18T16:48:59Z,2019-04-18T20:32:37Z,2,MERGED,1,0,1,103,3.727222222222222,3,2
35,Added react example for the Binary to Decimal converter app idea,https://github.com/florinpop17/app-ideas/pull/52,2019-04-19T15:18:34Z,2019-04-23T04:19:21Z,2,MERGED,1,0,1,0,85.01305555555555,1,2
36,Feature: Add MyPodcast Library app specification,https://github.com/florinpop17/app-ideas/pull/53,2019-04-19T22:40:23Z,2019-04-21T01:03:17Z,1,MERGED,95,0,3,71,26.381666666666668,0,2
1,Convert character entities correctly,https://github.com/sveltejs/svelte/pull/89,2016-12-01T20:32:01Z,2016-12-02T16:43:04Z,1,MERGED,30,2,3,33,20.184166666666666,3,4
2,Add links to gulp and Metalsmith plugins,https://github.com/sveltejs/svelte/pull/94,2016-12-02T11:42:32Z,2016-12-02T16:35:55Z,2,MERGED,2,0,1,222,4.889722222222222,1,3
3,add editorconfig and flowconfig files,https://github.com/sveltejs/svelte/pull/121,2016-12-05T08:16:22Z,2016-12-05T15:56:07Z,2,MERGED,22,0,2,312,7.6625,3,4
1,Include unistd.h to parallel.cpp on UNIX-like systems,https://github.com/opencv/opencv/pull/50,2012-10-17T13:04:00Z,2012-10-19T10:59:08Z,1,MERGED,11,1,1,51,45.91888888888889,2,4
1,Add test case to use starlette DatabaseMiddleware,https://github.com/fastapi/fastapi/pull/20,2019-02-01T21:49:54Z,2019-03-20T18:02:18Z,3,MERGED,374,13,5,739,1124.2066666666667,5,3
2,ci: Travis: dist=xenial,https://github.com/fastapi/fastapi/pull/92,2019-03-21T17:16:44Z,2019-03-30T17:30:32Z,3,MERGED,3,1,1,0,216.23,2,2
3,Add websocket to APIRouter,https://github.com/fastapi/fastapi/pull/100,2019-03-24T10:13:56Z,2019-03-24T19:18:20Z,6,MERGED,57,0,2,12,9.073333333333334,2,2
4,Static swagger,https://github.com/fastapi/fastapi/pull/112,2019-03-26T14:41:21Z,2019-05-20T07:26:55Z,2,MERGED,97,44,2,526,1312.7594444444444,11,4
1,docs: add microservices-diffabouteureka_zk,https://github.com/doocs/advanced-java/pull/78,2019-07-06T14:06:55Z,2019-08-03T06:42:11Z,1,MERGED,21,0,1,0,664.5877777777778,2,2
2,add an article,https://github.com/doocs/advanced-java/pull/103,2019-09-03T12:40:01Z,2019-09-04T01:18:51Z,1,MERGED,81,0,2,14,12.647222222222222,1,1
3,alter translation of monolithic,https://github.com/doocs/advanced-java/pull/113,2019-09-28T08:50:56Z,2019-09-28T10:45:56Z,1,MERGED,13,13,1,56,1.9166666666666667,0,2
4,docs(from-readers): add an article about micro service,https://github.com/doocs/advanced-java/pull/116,2019-10-22T01:35:38Z,2019-10-25T02:21:51Z,1,MERGED,204,0,1,8,72.77027777777778,0,2
5,micro service,https://github.com/doocs/advanced-java/pull/118,2019-10-30T13:34:16Z,2019-11-01T07:46:28Z,2,MERGED,102,0,1,23,42.20333333333333,2,2
6,micro service,https://github.com/doocs/advanced-java/pull/120,2019-11-08T11:21:25Z,2019-11-12T02:55:05Z,1,MERGED,644,3,3,60,87.56111111111112,0,2
7,Â¢ûÂä†Âà©Áî®ÂÆöÊó∂Âà∑Êñ∞ÁºìÂ≠òÁöÑÊñπÂºèÊù•Â∫îÂØπÁºìÂ≠òÂáªÁ©øÁöÑË°®Ëø∞,https://github.com/doocs/advanced-java/pull/121,2019-11-11T16:13:22Z,2019-11-12T02:50:28Z,1,MERGED,5,2,1,37,10.618333333333334,1,2
1,fix: resolve hydration error,https://github.com/ChatGPTNextWeb/ChatGPT-Next-Web/pull/66,2023-03-27T09:50:26Z,2023-03-27T13:59:19Z,2,MERGED,12,3,3,0,4.148055555555556,2,2
2,1,https://github.com/ChatGPTNextWeb/ChatGPT-Next-Web/pull/96,2023-03-28T09:16:37Z,2023-03-28T10:52:07Z,3,MERGED,120,48,7,3,1.5916666666666666,1,6
3,supports the display of line breaks in Markdown,https://github.com/ChatGPTNextWeb/ChatGPT-Next-Web/pull/148,2023-03-29T08:29:06Z,2023-03-29T10:05:53Z,3,MERGED,30,5,6,56,1.6130555555555555,5,2
1,"Target inline, use archived .html, .css and .tis files else use it from src dir",https://github.com/rustdesk/rustdesk/pull/240,2021-09-26T21:48:02Z,2022-05-13T03:07:50Z,13,MERGED,150,38,13,303,5477.33,0,3
2,CI setup,https://github.com/rustdesk/rustdesk/pull/253,2021-10-11T20:37:32Z,2021-10-12T15:47:09Z,5,MERGED,181,0,1,190,19.16027777777778,4,2
3,Clipboard service optimization and bug fixes,https://github.com/rustdesk/rustdesk/pull/279,2021-10-27T12:11:13Z,2021-10-30T04:50:39Z,1,MERGED,86,85,2,181,64.65722222222222,0,2
1,fix: add missing quotation in sample zsh config,https://github.com/oven-sh/bun/pull/41,2021-10-29T19:15:23Z,2021-10-29T22:39:36Z,1,MERGED,1,1,1,165,3.403611111111111,0,3
2,Begin working on CI tasks for bun-framework-next,https://github.com/oven-sh/bun/pull/65,2021-11-11T19:02:36Z,2021-11-24T00:35:46Z,19,MERGED,1960,193,14,296,293.5527777777778,5,2
3,Add experimental nix support,https://github.com/oven-sh/bun/pull/76,2021-12-12T02:39:34Z,2023-07-31T13:39:26Z,8,MERGED,37,0,2,1078,14314.997777777779,7,8
4,Bun instructions for existing CRA app,https://github.com/oven-sh/bun/pull/124,2022-03-09T18:09:42Z,2023-03-29T21:10:34Z,2,MERGED,48,0,1,186,9243.014444444445,3,6
5,expose mmap size and offset option,https://github.com/oven-sh/bun/pull/141,2022-04-12T19:30:13Z,2022-04-14T02:08:57Z,3,MERGED,18,5,2,0,30.645555555555557,0,2
6,Improve ZSH completions,https://github.com/oven-sh/bun/pull/150,2022-04-19T06:05:24Z,2023-07-31T13:39:26Z,13,MERGED,359,535,1,1604,11239.567222222222,6,3
